{
    "gy_map": {
        "热处理1": {
            "0": 0,
            "1000℃ 加热 + 180℃ 等温 1h   空冷 + 600℃": 1,
            "1000℃ 固溶(水冷)+(-70~-80℃)2 hr 冷处理": 2,
            "1050℃   40分 (空冷) + (-78℃)  4h 冷处理": 3,
            "1050℃ 30分(空冷) + (-78℃)* 0.25h + 530℃ *2h 空冷 co": 4,
            "1050℃ 固溶 + (-78℃)冷处理": 5,
            "1050℃ 固溶 + 8%  冷变形": 6,
            "1050℃ 固溶 + 冷变形 + 520℃ 时效": 7,
            "1050℃ 固溶 +14%  冷变形": 8,
            "1050℃ 固溶 +24%  冷变形": 9,
            "1050℃ 固溶 +43%  冷变形": 10,
            "1050℃ 固溶 +57%  冷变形": 11,
            "1050℃ 固溶 +71%  冷变形": 12,
            "1050℃ 固溶处理 30分 水冷 或 油冷": 13,
            "1050℃ 空冷": 14,
            "1050℃ 空冷 + 975℃ 水冷   (-70℃) 2h": 15,
            "1080℃*4h 空冷 + 900℃*10h 空冷": 16,
            "1100~1150℃ 固溶": 17,
            "1100℃ * 20h固溶": 18,
            "1100℃ 水冷(固溶)": 19,
            "1120℃*2h 固溶处理 空冷 + 850℃*24h": 20,
            "1135±10℃*2h 空冷 + 845±10℃*24h <=2h/炉冷": 21,
            "1150℃*4h 空冷 + 850℃*16h 空冷": 22,
            "1170℃*0.5h (水冷) + 800℃*16h (空冷)": 23,
            "1180~1200℃ * 2.5~8h 空冷;1050℃ *4h 空冷;": 24,
            "1180℃ 水冷 780℃ 时效 8~10h 730℃ 二次 时效 25h.": 25,
            "1200℃ 锻造  空冷": 26,
            "1200℃ 锻造  空冷  ;950℃ 正火": 27,
            "140℃ 16hr 空冷": 28,
            "140℃ 16hr 空冷 +100℃ 7.5hr 空冷": 29,
            "140℃ 16hr 空冷 +125℃ 7.5hr 空冷": 30,
            "160℃ 时效 (14hr)": 31,
            "160℃ 时效 14hr": 32,
            "185-195℃ 6-12h 空冷+200℃ 50h 空冷": 33,
            "185-195℃ 6-12h 空冷+225℃ 50h 空冷": 34,
            "185-195℃ 6-12h 空冷+250℃ 50h 空冷": 35,
            "185-195℃ 空冷": 36,
            "190℃ 空冷": 37,
            "25℃ 96h": 38,
            "25℃ 96h+100℃ 50h 空冷": 39,
            "25℃ 96h+125℃ 50h 空冷": 40,
            "25℃ 96h+150℃ 50h 空冷": 41,
            "25℃ 96h+175℃ 50h 空冷": 42,
            "400℃ 时效 60分": 43,
            "540℃ 时效 10000 hr": 44,
            "550℃ 850℃预热 ;1130℃ 淬火 油冷  650℃*2hr": 45,
            "550℃ 箱式炉 850℃": 46,
            "550℃ 箱式炉预热  850℃ 盐浴": 47,
            "550℃ 箱式炉预热 850℃ 盐浴炉": 48,
            "650℃ 时效 1000h": 49,
            "650℃ 时效 3000h": 50,
            "800℃ 时效 10h": 51,
            "850~870℃ 油冷   690℃* 5h ; 850~870℃ 油冷  ": 52,
            "880℃ 加热  450℃ 等温 20分  油冷": 53,
            "880℃ 加热 + 320℃ 等温 20分   油冷": 54,
            "880℃ 加热 + 370℃ 等温 20分  油冷": 55,
            "880℃ 加热 + 410℃ 等温 20分  油冷": 56,
            "880℃ 加热 +500℃  等温 20分  油冷": 57,
            "900℃ 加热 + 200℃ 等温 + 220℃ 回火": 58,
            "900℃ 加热 180℃ 等温 + 200℃ 回火": 59,
            "900℃ 加热 180℃ 等温 + 230℃ 回火": 60,
            "900℃ 加热 230℃ 等温+ 220℃ 回火  空冷": 61,
            "920℃ 伪 渗碳 8h  +840℃ 淬火 (油冷)": 62,
            "920℃ 伪渗碳 8h   + 830~840℃ 淬火(油冷 )": 63,
            "920℃ 伪渗碳 8h  (空冷)+ 850℃ 淬火": 64,
            "920℃ 伪渗碳 8h +  840℃ 淬火(油冷)": 65,
            "920℃ 伪渗碳 8h + 800~810℃ 淬火(油冷)": 66,
            "920℃ 伪渗碳 8h+840℃ 淬火 (油冷) 两次": 67,
            "940±10℃ 渗碳 6-7h 860-880℃ 油淬 ": 68,
            "940℃ 伪 渗碳 8h + 810℃ 淬火 (油冷)": 69,
            "970℃* 8h 伪 渗碳 (油冷 ) + 150℃ 回火": 70,
            "970℃* 8h 伪 渗碳 (油冷) + 150℃ 回火": 71,
            "CH: 1050~1080℃固溶(水冷 或 空冷)+ 冷处理": 72,
            "RH450": 73,
            "RH500~510": 74,
            "RH: 1050~1080℃固溶(水冷 或 空冷)+950℃(空冷)": 75,
            "TH: 1050~1080℃固溶(水冷 或 空冷)+760℃(空冷": 76,
            "二次高温回火 (580℃ 6h 650℃ 6h)+二次": 77,
            "余热淬火   670℃* 10h + 670℃* 8.5h + 690℃": 78,
            "余热淬火  670℃* 5h+670℃* 4h 二次": 79,
            "供货状态": 80,
            "冷轧": 81,
            "合金不热处理": 82,
            "固溶处理": 83,
            "固溶处理 1000℃ 20' 油冷": 84,
            "固溶处理 1050℃ 20' 水冷": 85,
            "固溶处理 1050℃ 20' 油冷": 86,
            "固溶处理 1080℃ 30' 水冷": 87,
            "固溶处理 1100℃ 20' 水冷": 88,
            "固溶处理 1100℃ 20' 油冷": 89,
            "固溶处理 1100℃ 20' 油冷 时效 700℃": 90,
            "固溶处理 1120℃  20' 水冷": 91,
            "固溶处理 1130℃ 20' 水冷": 92,
            "固溶处理 1140℃ 30' 水冷": 93,
            "固溶处理 1150℃ 20' 油冷": 94,
            "固溶处理 1150℃ 20' 油冷 时效 750℃": 95,
            "固溶处理 1150℃ 30' 水冷": 96,
            "固溶处理 1170℃  20' 水冷": 97,
            "固溶处理 1170℃  60' 水冷": 98,
            "固溶处理 1170℃ 20' 水冷": 99,
            "固溶处理 1170℃ 30' 水冷": 100,
            "固溶处理 1200℃ 20' 水冷": 101,
            "固溶处理 1200℃ 20' 水冷 时效 800": 102,
            "固溶处理 1200℃ 20' 油冷": 103,
            "固溶处理 1200℃ 20' 油冷 时效 800℃": 104,
            "固溶处理 1230℃ 20' 水冷": 105,
            "固溶处理1000℃/2h 空冷 +620℃/2h 空冷": 106,
            "固溶处理:1170-1175℃ 45分 水冷": 107,
            "固溶热处理 1010℃ 1(h) 空冷": 108,
            "固溶热处理 1015℃ 1(h) 空冷": 109,
            "固溶热处理 1040℃ 1(h) 油冷": 110,
            "固溶热处理 1040℃ 1(h) 空冷": 111,
            "固溶热处理 980℃ 1(h) 空冷": 112,
            "固溶热处理 990℃ 1(h) 空冷": 113,
            "最终 锻造 温度 :980℃": 114,
            "正火+回火": 115,
            "消除应力:630℃ 10h 炉冷": 116,
            "消除应力:640℃ 10h 炉冷": 117,
            "淬火 880℃ 油冷+780℃ 油冷": 118,
            "淬火 900℃ 油冷+870℃ 油冷": 119,
            "淬火前 550℃箱式炉预热 ": 120,
            "淬火前 550℃预热": 121,
            "淬火后  -78℃ 冷处理  然后回火": 122,
            "炉温 850℃±10℃  板温 760℃~": 123,
            "热轧": 124,
            "热轧 回火 600℃": 125,
            "热轧+高温 回火": 126,
            "焊后  620~650℃ 回火": 127,
            "焊后预热 至 270℃ ": 128,
            "焊态": 129,
            "焊态 回火 650℃": 130,
            "盐浴炉 930℃ *20分 180~190℃ *2h 等温 +": 131,
            "盐浴炉 930℃ *20分 240~260℃ *2h 等温 +": 132,
            "盐浴炉 930℃ *20分 240℃ *2h 等温 + 300℃": 133,
            "盐浴炉 930℃ *20分 280~290℃ *2h 等温 +": 134,
            "盐浴炉 930℃ *20分 280℃ *2h 等温 + 300℃": 135,
            "盐浴炉 930℃ *20分 320℃ *2h 等温": 136,
            "石墨铸造": 137,
            "砂型 铸造": 138,
            "砂型铸模": 139,
            "砂型铸造": 140,
            "砂型铸锭": 141,
            "轧制后 1180℃*2h 空冷 1050℃*4h 空冷.": 142,
            "软氮化 (540℃ 4h 油冷 淬火)": 143,
            "退火": 144,
            "铸态": 145,
            "铸态: 不热处理": 146,
            "铸态:不热处理": 147,
            "铸造": 148,
            "锻造": 149,
            "锻造 回火 600℃": 150,
            "锻造: 950℃ *30 分": 151,
            "锻造: 加热 温度 1220℃ 终锻温度": 152,
            "锻造后  690℃* 8h 二次 回火": 153,
            "锻造后空冷 至 800℃  保持 5分;": 154,
            "预处理:1010℃ 35h 空冷 720℃ 25h 炉冷;": 155,
            "预处理:1030℃ 18h 空冷 720℃ 21h 炉冷;": 156,
            "预处理:860℃ 空冷 640℃ 控制冷却": 157,
            "预热:550℃  850℃ ;1120℃ 淬火(油冷);650℃*2h": 158
        },
        "热处理2": {
            "(冷轧或冷拉)+480℃时效 (空冷)": 0,
            "(油冷)+160℃ 回火": 1,
            "* 10h  回火": 2,
            "+ 160℃ 回火": 3,
            "+ 220℃ 回火": 4,
            "+ 420℃ 1 hr 回火   空冷.": 5,
            "+ 450℃ 1h 空冷": 6,
            "+ 520℃ 时效": 7,
            "+ 774℃ 油冷  + 150℃ 回火": 8,
            "+ 800℃ 油冷 + 150℃ 回火": 9,
            "+ 830℃ 油冷  + 150℃ 回火": 10,
            "+(-78℃)冷处理 + 510℃时效(空冷)": 11,
            "+125℃ 5hr 空冷": 12,
            "+150℃ 5hr 空冷": 13,
            "+160℃ 回火": 14,
            "+590℃/2h 空冷": 15,
            "+600℃*2h  两次 回火": 16,
            "+600℃*2hr 两次 回火": 17,
            "0": 18,
            "280~290℃ 回火": 19,
            "5h 空冷": 20,
            "630~650℃* 1.5~2h 回火   空冷": 21,
            "680℃* 5h + 680℃* 4h 二次 回火": 22,
            "705±10℃*20h 空冷": 23,
            "750-760℃ 5h 时效 空冷": 24,
            "750~800℃ *16h 空冷": 25,
            "750℃ 时效": 26,
            "780-800℃ 两次油淬 200℃ 2h 回火": 27,
            "780℃  随炉冷至 500℃  打开炉门": 28,
            "800℃*16h 空冷": 29,
            "815℃ 时效 20h 炉冷到 730℃": 30,
            "850℃  盐浴炉": 31,
            "910℃ 空冷 .": 32,
            "980℃淬火 油冷;650℃*2h +660℃*2h": 33,
            "cold)+565~570℃ 时效 (空冷)": 34,
            "三次 + 160℃ 回火": 35,
            "中间一次时效 590℃ 4(h) 空冷": 36,
            "中间一次时效 620℃ 4(h) 空冷": 37,
            "中间一次时效 630℃ 4(h) 空冷": 38,
            "中间一次时效 650℃ 1(h) 空冷": 39,
            "中间一次时效 650℃ 4(h) 空冷": 40,
            "中间一次时效 660℃ 4(h) 空冷": 41,
            "中间一次时效 665℃ 4(h) 空冷": 42,
            "中间一次时效 670℃ 4(h) 空冷": 43,
            "中间一次时效 680℃ 4(h) 空冷": 44,
            "中间一次时效 690℃ 4(h) 空冷": 45,
            "中间一次时效 700℃ 4(h) 空冷": 46,
            "中间一次时效 815℃ 30' 空冷": 47,
            "中间一次时效 815℃ 70' 空冷": 48,
            "回火": 49,
            "回火 (两次 )   水冷": 50,
            "回火 200℃ 空冷": 51,
            "时效   空冷": 52,
            "时效 760℃ 10h 空冷": 53,
            "时效 处理 760℃   10h  空冷": 54,
            "时效 处理 760℃  10h 空冷": 55,
            "最终处理:840℃ 水冷  600±10℃ 炉冷": 56,
            "最终时效 640℃ 4(h) 空冷": 57,
            "淬火 (780℃-830℃)+回火 190℃ 2h": 58,
            "炉;1030℃淬火 (油冷);610℃*2h +615℃*2h": 59,
            "焊后 回火 690~710℃": 60,
            "盐浴炉;1010℃ 淬火 油冷  400℃*2hr+": 61,
            "调质处理:950℃ 19h 风冷 670℃ 48h 炉冷": 62,
            "调质处理:955℃ 25h 风冷 680℃ 35h 炉冷": 63
        },
        "热处理3": {
            "0": 0,
            "400℃*2hr 两次": 1,
            "两次": 2,
            "保温 20h 空冷": 3,
            "最终时效 560℃ 5(h) 空冷": 4,
            "最终时效 570℃ 5(h) 空冷": 5,
            "最终时效 580℃ 5(h) 空冷": 6,
            "最终时效 585℃ 5(h) 空冷": 7,
            "最终时效 590℃ 5(h) 空冷": 8,
            "最终时效 600℃ 5(h) 空冷": 9,
            "最终时效 605℃ 5(h) 空冷": 10,
            "最终时效 610℃ 5(h) 空冷": 11,
            "最终时效 620℃ 5(h) 空冷": 12,
            "空冷": 13,
            "锻造比:2": 14,
            "除应力处理:630℃ 23h 炉冷": 15,
            "除应力处理:645℃ 20h 炉冷": 16
        },
        "热处理4": { "0": 0 },
        "渗氮": { "0": 0, "软氮化 0.21mm": 1 },
        "渗碳": { "0": 0 },
        "回火": {
            "0": 0,
            "150-180℃ 2h 空冷": 1,
            "150℃": 2,
            "160℃": 3,
            "160℃   120' 空冷": 4,
            "160℃ 120' 空冷": 5,
            "180℃ 120' 空冷": 6,
            "180℃ 2h 空冷": 7,
            "180℃ 2hr": 8,
            "180℃ 3h": 9,
            "190℃ 2h": 10,
            "190℃ 2h 空冷": 11,
            "200℃": 12,
            "200℃  120' 空冷": 13,
            "200℃ 120' 空冷": 14,
            "200℃ 2h 空冷": 15,
            "200℃ 3h 空冷": 16,
            "200℃ 60分 空冷": 17,
            "200℃ 水冷": 18,
            "200℃ 空冷": 19,
            "210℃ 3h": 20,
            "230℃  120' 空冷": 21,
            "240℃ 3h": 22,
            "260℃  120' 空冷": 23,
            "260℃ *2h": 24,
            "260℃ 120' 空冷": 25,
            "260℃ 空冷": 26,
            "270℃": 27,
            "270℃ 2h+200℃ 空冷": 28,
            "270℃ 3h": 29,
            "280~300℃ *2h  (空冷 )": 30,
            "280~300℃ *2h  (空冷)": 31,
            "280~300℃* 2h": 32,
            "280℃ * 2h": 33,
            "280℃ *2h": 34,
            "280℃ *4h": 35,
            "280℃ *6h": 36,
            "300℃": 37,
            "300℃ *2h": 38,
            "300℃ 2h 空冷": 39,
            "300℃ 2h+200℃ 空冷": 40,
            "300℃ 35分 空冷": 41,
            "300℃ 3h": 42,
            "300℃ 3h 空冷": 43,
            "300℃ 60分 空冷": 44,
            "300℃ 空冷 (两次)": 45,
            "310℃ * 2h": 46,
            "340℃ * 2h": 47,
            "340℃ 2h+200℃ 空冷": 48,
            "350℃": 49,
            "350℃ 2h 空冷": 50,
            "350℃ 空冷": 51,
            "380℃  回火": 52,
            "380℃ 2h 空冷": 53,
            "400℃": 54,
            "400℃ 1.5h 盐浴炉": 55,
            "400℃ 2hr 空冷": 56,
            "400℃ 3h": 57,
            "400℃ 60 分 空冷": 58,
            "400℃ 空冷": 59,
            "440~470℃  水冷": 60,
            "440℃ 1.5h 盐浴炉": 61,
            "440℃ 1.5h保温 空冷": 62,
            "450℃": 63,
            "450℃  (空冷)": 64,
            "450℃ 空冷": 65,
            "460℃       空冷": 66,
            "460℃ 1h 空冷": 67,
            "460℃ 2h 油冷": 68,
            "470℃ 水冷": 69,
            "480℃ 1.5h 盐浴炉": 70,
            "480℃ 1.5h保温 空冷": 71,
            "480℃ 水冷": 72,
            "480℃ 空冷": 73,
            "500℃": 74,
            "500℃  (空冷)": 75,
            "500℃  60' 油冷": 76,
            "500℃  60--75'  水冷": 77,
            "500℃ 3h": 78,
            "500℃ 两次": 79,
            "500℃ 油冷": 80,
            "500℃ 空冷": 81,
            "510℃  水冷": 82,
            "510℃ 空冷": 83,
            "520℃ 3h": 84,
            "525℃": 85,
            "530℃": 86,
            "530℃ 1h 三次": 87,
            "540+-10℃ 1.5h 空冷": 88,
            "540℃": 89,
            "540℃  水冷": 90,
            "540℃ 3h": 91,
            "550 ℃": 92,
            "550~585℃": 93,
            "550℃": 94,
            "550℃  (空冷)": 95,
            "550℃ 1h 空冷": 96,
            "550℃ 2h 空冷": 97,
            "550℃ 7h 炉冷": 98,
            "550℃ 水冷": 99,
            "550℃ 油冷": 100,
            "550℃ 空冷": 101,
            "560~650℃": 102,
            "560℃": 103,
            "560℃   空冷": 104,
            "560℃  水冷": 105,
            "560℃ 1.5hr 空冷": 106,
            "560℃ 1h 空冷": 107,
            "560℃ 2h 空冷": 108,
            "560℃ 3h (空冷)": 109,
            "560℃-620℃ >=90' 水冷": 110,
            "570℃": 111,
            "570℃ (两次)": 112,
            "570℃ 60 分 空冷": 113,
            "575℃ 14h (空冷)": 114,
            "580 ℃": 115,
            "580℃": 116,
            "580℃ 30-40' 油冷": 117,
            "580℃ 3h": 118,
            "580℃ 6h 空冷": 119,
            "580℃ 两次": 120,
            "580℃ 油冷": 121,
            "580℃ 空冷": 122,
            "590℃": 123,
            "590℃ (两次)  水冷": 124,
            "595/550 2h 空冷 两次": 125,
            "595℃ 2hr 空冷+560℃ 2hr 空冷": 126,
            "600~610℃": 127,
            "600±10℃": 128,
            "600℃": 129,
            "600℃  (空冷)": 130,
            "600℃  60--75'  水冷": 131,
            "600℃ (两次)  水冷": 132,
            "600℃ (空冷)": 133,
            "600℃ * 5h": 134,
            "600℃ 1.5h": 135,
            "600℃ 1.5h 空冷": 136,
            "600℃ 1.5h 空冷(两次)": 137,
            "600℃ 1h 空冷": 138,
            "600℃ 2h 空冷": 139,
            "600℃ 3h": 140,
            "600℃ 6hr": 141,
            "600℃ 保温 50分 油冷": 142,
            "600℃ 油冷": 143,
            "600℃ 空冷": 144,
            "600℃(空冷) 1.5h 两次": 145,
            "600℃/610℃ 两次 空冷": 146,
            "600℃/655℃ 两次 空冷": 147,
            "610±10℃": 148,
            "610℃ 2h 空冷": 149,
            "610℃ 7h 炉冷": 150,
            "610℃ 7h 空冷": 151,
            "610℃*2h +600℃*2h": 152,
            "620℃ 4.5hr 空冷": 153,
            "620℃ 油冷": 154,
            "620℃ 炉冷": 155,
            "625℃": 156,
            "630-650℃": 157,
            "630℃": 158,
            "630℃ 5h 炉冷": 159,
            "630℃ 5h 空冷": 160,
            "630℃(两次) 水冷": 161,
            "640~650℃ (水冷)": 162,
            "640~670℃": 163,
            "640℃": 164,
            "640℃*2hr+620℃*2hr": 165,
            "640℃/655℃ 2h 空冷 两次": 166,
            "650~660℃ *(8分/毫米)空冷": 167,
            "650~660℃* 6h": 168,
            "650℃": 169,
            "650℃ * 5h": 170,
            "650℃ 2h 空冷": 171,
            "650℃ 3.5h": 172,
            "650℃ 空冷": 173,
            "660℃ 3h": 174,
            "660℃ 5h 空冷": 175,
            "665℃ 15h 炉冷": 176,
            "670℃ *6h+670℃* 6h+690℃* 10h": 177,
            "670℃ 15h 炉冷": 178,
            "670℃ 1h 空冷": 179,
            "670℃ 空冷": 180,
            "670℃* 5h+670℃* 4h 二次": 181,
            "670℃* 6h": 182,
            "670℃/680℃ 2h 空冷 两次": 183,
            "670℃±10℃": 184,
            "675℃": 185,
            "680~690℃ *(8分/毫米)空冷": 186,
            "680℃": 187,
            "680℃ 10h": 188,
            "680℃ 10h 空冷": 189,
            "680℃ 2h 空冷": 190,
            "680℃ 3h": 191,
            "680℃ 3h 700℃ 3h": 192,
            "680℃ 6h": 193,
            "680℃ 空冷": 194,
            "680℃* 10h 空冷": 195,
            "680℃* 3h +680℃* 3h 二次": 196,
            "680℃* 5h": 197,
            "680℃* 6h": 198,
            "685℃ * 5h": 199,
            "690℃ 2h 空冷": 200,
            "690℃ 空冷": 201,
            "690℃* 5h": 202,
            "700-750℃": 203,
            "700℃": 204,
            "700℃ * 1h  空冷": 205,
            "700℃ * 5h": 206,
            "700℃ *6h": 207,
            "700℃ 10h 空冷": 208,
            "700℃ 3h 空冷": 209,
            "700℃ 6h": 210,
            "700℃ 6h 空冷": 211,
            "700℃ 7h 空冷": 212,
            "700℃ 空冷": 213,
            "700℃* 6h": 214,
            "705℃ 7h 空冷": 215,
            "710℃ 10h": 216,
            "710℃ 10h 空冷": 217,
            "710℃ 6h 空冷": 218,
            "710℃ 空冷": 219,
            "710℃-740℃ 空冷": 220,
            "720±10℃": 221,
            "720℃": 222,
            "720℃ 10h": 223,
            "720℃ 2h 空冷": 224,
            "720℃ 3h": 225,
            "720℃ 6h": 226,
            "720℃ 空冷": 227,
            "720℃* 6h": 228,
            "730-780℃ 60'": 229,
            "730℃ * 1h  空冷": 230,
            "730℃ 空冷": 231,
            "740℃": 232,
            "740℃ 3h": 233,
            "740℃ 6h": 234,
            "750℃": 235,
            "750℃  (空冷)": 236,
            "750℃ * 1h  空冷": 237,
            "760℃": 238,
            "760℃     60 分 (空冷": 239,
            "760℃     90 分 (空冷": 240,
            "760℃    120 分 (空冷": 241,
            "760℃  30~36 分 (空冷": 242,
            "760℃ * 3h": 243,
            "760℃ 5h": 244,
            "760℃ 60 分": 245,
            "770℃": 246,
            "770℃ (3h)": 247,
            "770℃ (3hr)": 248,
            "770℃ * 3h": 249,
            "770℃ 3h 空冷": 250,
            "790℃ * 3h": 251,
            "800℃": 252,
            "800℃  (水冷)": 253
        },
        "淬火": {
            "0": 0,
            "1000℃     空冷": 1,
            "1000℃   水冷": 2,
            "1000℃ (油冷)": 3,
            "1000℃ *45分": 4,
            "1000℃ 30' 油冷": 5,
            "1000℃ 油冷": 6,
            "1020℃ 油冷": 7,
            "1020℃(油冷)": 8,
            "1025℃ 90' 水冷": 9,
            "1030℃": 10,
            "1030℃ (油冷)": 11,
            "1030℃ 2h 水冷": 12,
            "1030℃ 二次": 13,
            "1030℃ 油冷": 14,
            "1040℃ 油冷": 15,
            "1050℃": 16,
            "1050℃  油冷": 17,
            "1050℃ *20分  油冷": 18,
            "1050℃ 2h 油冷": 19,
            "1050℃ 40' 油冷": 20,
            "1050℃ 水冷": 21,
            "1050℃ 油冷": 22,
            "1050℃ 空冷": 23,
            "1050℃ 空冷 或 水冷": 24,
            "1050℃; 980℃ (油冷)": 25,
            "1060~1080℃ (油冷)": 26,
            "1060℃ 油冷": 27,
            "1060℃(油冷)": 28,
            "1070℃ 水冷": 29,
            "1070℃ 空冷": 30,
            "1080-1130℃ 水冷": 31,
            "1080℃ *20分  油冷": 32,
            "1080℃ 水冷": 33,
            "1100-1150℃ 油冷": 34,
            "1100℃     空冷": 35,
            "1100℃   水冷": 36,
            "1100℃  (水冷)": 37,
            "1100℃ (油冷)": 38,
            "1100℃ 水冷": 39,
            "1100℃ 油冷": 40,
            "1140℃ 油冷": 41,
            "1150℃ 水冷": 42,
            "1150℃ 油冷": 43,
            "1160~1190℃  水冷": 44,
            "1175℃* 30分 (水冷)": 45,
            "1180℃ 油冷": 46,
            "1200℃     空冷": 47,
            "1200℃   水冷": 48,
            "1200℃ 水冷": 49,
            "1200℃ 油冷": 50,
            "1220℃ 油冷": 51,
            "1220℃* 5 分 (水冷)": 52,
            "1240℃ 油冷": 53,
            "470℃ 水冷": 54,
            "495-505℃": 55,
            "495-505℃ 水冷": 56,
            "500℃ (水冷)": 57,
            "500℃ 水冷": 58,
            "515℃ 水冷": 59,
            "550-620℃ 空冷": 60,
            "780-810℃": 61,
            "810℃ 水冷": 62,
            "810℃ 油冷": 63,
            "820-830℃ 油冷": 64,
            "820℃   油冷": 65,
            "820℃ 0.5h 水冷": 66,
            "820℃ 40分(水冷)": 67,
            "820℃ 油冷": 68,
            "820℃-850℃ 40' 水冷": 69,
            "830~850℃ 油冷": 70,
            "830℃  油冷": 71,
            "830℃ 7分 油冷": 72,
            "830℃ 水冷": 73,
            "830℃ 油冷": 74,
            "840~870℃ 油冷": 75,
            "840±10℃(油冷-空冷-油冷)": 76,
            "840℃   油冷": 77,
            "840℃ (油冷)": 78,
            "840℃ 0.5h 水冷": 79,
            "840℃ 3h (油冷)": 80,
            "840℃ 水冷": 81,
            "840℃ 油冷": 82,
            "850~870℃ 油冷": 83,
            "850℃   50'   油冷": 84,
            "850℃  (油冷)": 85,
            "850℃  25' 油冷": 86,
            "850℃  45' 油冷": 87,
            "850℃ (水冷)": 88,
            "850℃ (油冷)": 89,
            "850℃ 0.5h 水冷": 90,
            "850℃ 2h 油冷": 91,
            "850℃ 7分 油冷": 92,
            "850℃ 油冷": 93,
            "860+-10℃ 1h 水冷": 94,
            "860℃       油冷": 95,
            "860℃  风冷": 96,
            "860℃ 30' 油冷": 97,
            "860℃ 40' 油冷": 98,
            "860℃ 780℃ 两次  40' 油冷": 99,
            "860℃ 780℃ 两次 40' 油冷": 100,
            "860℃ 水冷": 101,
            "860℃ 油冷": 102,
            "860℃+ 800~820℃ (油冷)": 103,
            "865-885℃ 油冷": 104,
            "870℃    油冷": 105,
            "870℃  风冷": 106,
            "870℃ (油冷)": 107,
            "870℃ 0.5h 油冷": 108,
            "870℃ 30' 油冷": 109,
            "870℃ 40分 油冷": 110,
            "870℃ 油冷": 111,
            "875℃  空冷": 112,
            "875℃ 30分 空冷": 113,
            "880℃": 114,
            "880℃    油冷": 115,
            "880℃  (油冷)": 116,
            "880℃  水冷": 117,
            "880℃ 1h 油冷": 118,
            "880℃ 2h 油冷": 119,
            "880℃ 30 分 油冷": 120,
            "880℃ 30-45' 油冷": 121,
            "880℃ 保温 35 分 油冷": 122,
            "880℃ 水冷": 123,
            "880℃ 油冷": 124,
            "880℃ 空冷 或 油冷": 125,
            "890℃ 10h 水冷": 126,
            "890℃ 15h 水冷": 127,
            "890℃ 30 分 空冷": 128,
            "890℃ 30' 油冷": 129,
            "900℃   油冷": 130,
            "900℃ 30' 油冷+840℃ 30' 油冷": 131,
            "900℃ 水冷": 132,
            "900℃ 油冷": 133,
            "900℃ 油冷+870℃ 油冷": 134,
            "910℃ 油冷": 135,
            "920~930℃ *(2.5分/毫米)水冷": 136,
            "920℃": 137,
            "920℃   油冷": 138,
            "920℃ 180℃ 回火 空冷": 139,
            "920℃ 300℃ 回火 空冷": 140,
            "920℃ 油冷": 141,
            "920℃ 空冷": 142,
            "930~950℃ (水冷)": 143,
            "930℃    空冷": 144,
            "930℃   油冷": 145,
            "930℃  油冷": 146,
            "930℃ *20分  油冷": 147,
            "930℃ 2h 水冷": 148,
            "930℃ 水冷": 149,
            "930℃ 水冷 5' 油冷": 150,
            "930℃ 油冷": 151,
            "940℃   油冷": 152,
            "950+/-10℃ 风冷": 153,
            "950℃": 154,
            "950℃ * 30分 (水冷)": 155,
            "950℃ 15分 油冷": 156,
            "950℃ 油冷": 157,
            "970℃ 油冷": 158,
            "970℃* 8h 油冷": 159,
            "975℃(油冷)": 160,
            "975℃(空冷)": 161,
            "980 ℃": 162,
            "980℃": 163,
            "980℃ 油冷": 164,
            "985℃ 30' 油冷": 165,
            "二次 (780-830℃)": 166,
            "盐浴 炉 930℃ *20分(油冷": 167,
            "盐浴炉 930℃ *20分(油冷)": 168,
            "直接 淬火 810℃": 169,
            "第一次 880℃ 油冷 第二次 870℃": 170
        },
        "正火": {
            "0": 0,
            "1000℃": 1,
            "1000℃ * 45分": 2,
            "1000℃ *45分": 3,
            "1000℃ *45分(堆冷)": 4,
            "1000℃ 1h": 5,
            "1020-1070℃ 6'保温": 6,
            "1030-1060℃ 空冷 980-1000℃ 空": 7,
            "1030~1050℃": 8,
            "1030℃ 90' 空冷": 9,
            "1040℃  960℃  二次": 10,
            "1045℃": 11,
            "1050℃": 12,
            "1050℃ 10分": 13,
            "1050℃ 40' 空冷": 14,
            "1050℃ 空冷": 15,
            "1070℃ 45'": 16,
            "1080℃ (90分)": 17,
            "1080℃(60 分)": 18,
            "1100℃": 19,
            "1100℃ (30分)": 20,
            "1100℃(60 分)": 21,
            "1100℃(90 分)": 22,
            "650℃ 空冷": 23,
            "700℃ * 24h 空冷": 24,
            "700℃ 空冷": 25,
            "800℃ 空冷": 26,
            "820-860℃ 空冷": 27,
            "840±10℃": 28,
            "840℃ 1h 空冷": 29,
            "840℃ 水冷": 30,
            "850±10℃": 31,
            "850℃": 32,
            "850℃ *24h  空冷": 33,
            "850℃ 空冷": 34,
            "860℃": 35,
            "875℃": 36,
            "880-910℃ 空冷": 37,
            "880℃": 38,
            "880℃ 1h 空冷": 39,
            "880℃ 45分 空冷": 40,
            "890℃ 2h 空冷": 41,
            "890℃ 空冷": 42,
            "900-960℃": 43,
            "900℃": 44,
            "900℃ 2h": 45,
            "900℃ 4h 空冷": 46,
            "900℃ 空冷": 47,
            "915℃ 空冷": 48,
            "920~930℃ *(2.5分/毫米)空冷": 49,
            "920℃": 50,
            "920℃ 1.5h 空冷": 51,
            "920℃ 2.5hr 空冷": 52,
            "920℃ 45' 空冷": 53,
            "920℃ 空冷": 54,
            "925℃": 55,
            "930~950℃": 56,
            "930℃": 57,
            "930℃ 40'": 58,
            "950±10℃ + 940±10℃": 59,
            "950℃": 60,
            "950℃ 45'": 61,
            "950℃ 空冷": 62,
            "960℃±10℃(风冷)": 63,
            "980℃": 64,
            "980℃ 18h 空冷": 65,
            "980℃ 2h 空冷": 66,
            "985℃ 45'": 67
        },
        "退火": {
            "0": 0,
            "1000℃": 1,
            "150~300℃  2~3 h  (空冷)": 2,
            "150~300℃*2~3h  (空冷)": 3,
            "480-495℃ 12-14h": 4,
            "530-550℃ 4-6h 200℃ 出炉": 5,
            "600~700℃  1~4 h  空冷": 6,
            "680~690℃ 炉冷": 7,
            "690+/-10℃ 炉冷": 8,
            "690~710℃  炉冷": 9,
            "740~780℃": 10,
            "740℃ 1h 炉冷": 11,
            "820-850℃": 12,
            "880℃": 13,
            "900-920℃ 250℃ 出炉": 14,
            "900℃  (炉冷)": 15,
            "930℃ 2h": 16,
            "940℃ 3.5h 650℃ 出炉": 17,
            "950℃": 18,
            "不处理": 19
        },
        "熔炼方式": { "0": 0 },
        "热加工方式": { "0": 0 },
        "热处理工艺": { "0": 0 }
    },
    "xn": "屈服点",
    "max": {
        "C": 3.7,
        "Mn": 18.0,
        "Si": 11.91,
        "P": 0.1,
        "S": 0.164,
        "Cr": 29.5,
        "Mo": 6.0,
        "V": 1.92,
        "Ni": 63.464,
        "W": 9.0,
        "Ce": 0.02,
        "La": 0.0,
        "Ca": 0.0035,
        "Co": 19.88,
        "Nb": 0.96,
        "Ti": 3.2,
        "B": 0.03,
        "Cu": 88.86,
        "Sr": 0.0,
        "Se": 0.0,
        "Na": 0.0,
        "Hg": 0.0,
        "Cd": 0.0,
        "Ag": 0.002,
        "As": 0.13,
        "Bi": 0.088,
        "Zn": 37.75,
        "Sb": 15.9,
        "Sn": 88.9966,
        "Pb": 99.51,
        "Fe": 50.77,
        "N": 0.4,
        "O": 0.0053,
        "H": 0.00026,
        "Mg": 3.5,
        "热处理1": 158.0,
        "热处理2": 63.0,
        "热处理3": 16.0,
        "热处理4": 0.0,
        "渗氮": 1.0,
        "渗碳": 0.0,
        "回火": 253.0,
        "淬火": 170.0,
        "正火": 67.0,
        "退火": 19.0,
        "熔炼方式": 0.0,
        "热加工方式": 0.0,
        "热处理工艺": 0.0,
        "屈服点": 2428.0
    },
    "min": {
        "C": 0.0,
        "Mn": 0.0,
        "Si": 0.0,
        "P": 0.0,
        "S": 0.0,
        "Cr": 0.0,
        "Mo": 0.0,
        "V": 0.0,
        "Ni": 0.0,
        "W": 0.0,
        "Ce": 0.0,
        "La": 0.0,
        "Ca": 0.0,
        "Co": 0.0,
        "Nb": 0.0,
        "Ti": 0.0,
        "B": 0.0,
        "Cu": 0.0,
        "Sr": 0.0,
        "Se": 0.0,
        "Na": 0.0,
        "Hg": 0.0,
        "Cd": 0.0,
        "Ag": 0.0,
        "As": 0.0,
        "Bi": 0.0,
        "Zn": 0.0,
        "Sb": 0.0,
        "Sn": 0.0,
        "Pb": 0.0,
        "Fe": 0.0,
        "N": 0.0,
        "O": 0.0,
        "H": 0.0,
        "Mg": 0.0,
        "热处理1": 0.0,
        "热处理2": 0.0,
        "热处理3": 0.0,
        "热处理4": 0.0,
        "渗氮": 0.0,
        "渗碳": 0.0,
        "回火": 0.0,
        "淬火": 0.0,
        "正火": 0.0,
        "退火": 0.0,
        "熔炼方式": 0.0,
        "热加工方式": 0.0,
        "热处理工艺": 0.0,
        "屈服点": 4.0
    },
    "median": {
        "C": 0.18,
        "Mn": 0.63,
        "Si": 0.31,
        "P": 0.017,
        "S": 0.01,
        "Cr": 1.375,
        "Mo": 0.21,
        "V": 0.0,
        "Ni": 0.11,
        "W": 0.0,
        "Ce": 0.0,
        "La": 0.0,
        "Ca": 0.0,
        "Co": 0.0,
        "Nb": 0.0,
        "Ti": 0.0,
        "B": 0.0,
        "Cu": 0.0,
        "Sr": 0.0,
        "Se": 0.0,
        "Na": 0.0,
        "Hg": 0.0,
        "Cd": 0.0,
        "Ag": 0.0,
        "As": 0.0,
        "Bi": 0.0,
        "Zn": 0.0,
        "Sb": 0.0,
        "Sn": 0.0,
        "Pb": 0.0,
        "Fe": 0.0,
        "N": 0.0,
        "O": 0.0,
        "H": 0.0,
        "Mg": 0.0,
        "热处理1": 0.0,
        "热处理2": 18.0,
        "热处理3": 0.0,
        "热处理4": 0.0,
        "渗氮": 0.0,
        "渗碳": 0.0,
        "回火": 0.0,
        "淬火": 0.0,
        "正火": 0.0,
        "退火": 0.0,
        "熔炼方式": 0.0,
        "热加工方式": 0.0,
        "热处理工艺": 0.0,
        "屈服点": 505.0
    }
}
