{
    "gy_map": {
        "热处理1": { "0": 0 },
        "热处理2": { "0": 0 },
        "热处理3": { "0": 0 },
        "热处理4": { "0": 0 },
        "渗氮": { "0": 0 },
        "渗碳": { "0": 0 },
        "回火": { "0": 0 },
        "淬火": { "0": 0 },
        "正火": { "0": 0 },
        "退火": { "0": 0 },
        "熔炼方式": { "0": 0 },
        "热加工方式": { "0": 0 },
        "热处理工艺": { "0": 0 }
    },
    "xn": "泊松比",
    "max": {
        "C": 3.8,
        "Mn": 8.35,
        "Si": 11.46,
        "P": 0.132,
        "S": 0.123,
        "Cr": 20.71,
        "Mo": 6.0,
        "V": 1.92,
        "Ni": 63.464,
        "W": 9.0,
        "Ce": 0.0,
        "La": 0.0,
        "Ca": 0.0033,
        "Co": 19.88,
        "Nb": 0.8,
        "Ti": 3.2,
        "B": 0.015,
        "Cu": 99.9,
        "Sr": 0.0,
        "Se": 0.0,
        "Na": 0.0,
        "Hg": 0.0,
        "Cd": 0.0,
        "Ag": 0.0,
        "As": 0.1,
        "Bi": 0.083,
        "Zn": 6.47,
        "Sb": 15.82,
        "Sn": 88.639,
        "Pb": 66.0,
        "Fe": 41.0,
        "N": 0.265,
        "O": 0.0053,
        "H": 0.00026,
        "Mg": 3.5,
        "热处理1": 0.0,
        "热处理2": 0.0,
        "热处理3": 0.0,
        "热处理4": 0.0,
        "渗氮": 0.0,
        "渗碳": 0.0,
        "回火": 0.0,
        "淬火": 0.0,
        "正火": 0.0,
        "退火": 0.0,
        "熔炼方式": 0.0,
        "热加工方式": 0.0,
        "热处理工艺": 0.0,
        "泊松比": 0.43
    },
    "min": {
        "C": 0.0,
        "Mn": 0.0,
        "Si": 0.0,
        "P": 0.0,
        "S": 0.0,
        "Cr": 0.0,
        "Mo": 0.0,
        "V": 0.0,
        "Ni": 0.0,
        "W": 0.0,
        "Ce": 0.0,
        "La": 0.0,
        "Ca": 0.0,
        "Co": 0.0,
        "Nb": 0.0,
        "Ti": 0.0,
        "B": 0.0,
        "Cu": 0.0,
        "Sr": 0.0,
        "Se": 0.0,
        "Na": 0.0,
        "Hg": 0.0,
        "Cd": 0.0,
        "Ag": 0.0,
        "As": 0.0,
        "Bi": 0.0,
        "Zn": 0.0,
        "Sb": 0.0,
        "Sn": 0.0,
        "Pb": 0.0,
        "Fe": 0.0,
        "N": 0.0,
        "O": 0.0,
        "H": 0.0,
        "Mg": 0.0,
        "热处理1": 0.0,
        "热处理2": 0.0,
        "热处理3": 0.0,
        "热处理4": 0.0,
        "渗氮": 0.0,
        "渗碳": 0.0,
        "回火": 0.0,
        "淬火": 0.0,
        "正火": 0.0,
        "退火": 0.0,
        "熔炼方式": 0.0,
        "热加工方式": 0.0,
        "热处理工艺": 0.0,
        "泊松比": 0.096
    },
    "median": {
        "C": 0.21,
        "Mn": 0.58,
        "Si": 0.28,
        "P": 0.014,
        "S": 0.01,
        "Cr": 0.83,
        "Mo": 0.0,
        "V": 0.0,
        "Ni": 0.0,
        "W": 0.0,
        "Ce": 0.0,
        "La": 0.0,
        "Ca": 0.0,
        "Co": 0.0,
        "Nb": 0.0,
        "Ti": 0.0,
        "B": 0.0,
        "Cu": 0.0,
        "Sr": 0.0,
        "Se": 0.0,
        "Na": 0.0,
        "Hg": 0.0,
        "Cd": 0.0,
        "Ag": 0.0,
        "As": 0.0,
        "Bi": 0.0,
        "Zn": 0.0,
        "Sb": 0.0,
        "Sn": 0.0,
        "Pb": 0.0,
        "Fe": 0.0,
        "N": 0.0,
        "O": 0.0,
        "H": 0.0,
        "Mg": 0.0,
        "热处理1": 0.0,
        "热处理2": 0.0,
        "热处理3": 0.0,
        "热处理4": 0.0,
        "渗氮": 0.0,
        "渗碳": 0.0,
        "回火": 0.0,
        "淬火": 0.0,
        "正火": 0.0,
        "退火": 0.0,
        "熔炼方式": 0.0,
        "热加工方式": 0.0,
        "热处理工艺": 0.0,
        "泊松比": 0.29
    }
}
