<?xml version='1.0' encoding='utf-8'?>
<root>
	<input>
		<inputCSV>
			<file>
				<name>{filename}</name>
				<url>{filename}</url>
			</file>
		</inputCSV>
		<feature_start>{feature_start}</feature_start>
		<feature_end>{feature_end}</feature_end>
		<target>{target}</target>
		<single>{single}</single>
		<interactionA>{interactionA}</interactionA>
		<interactionB>{interactionB}</interactionB>
	</input>
	<output>
		<result>
			<file>
				<name>result.tar.gz</name>
				<url>result.tar.gz</url>
			</file>
		</result>
		<picture>
			<file>
				<name>summary_shap_values.png</name>
				<url>summary_shap_values.png</url>
			</file>
			<file>
				<name>summary_importance_values.png</name>
				<url>summary_importance_values.png</url>
			</file>
			<file>
				<name>shap_values_2.png</name>
				<url>shap_values_2.png</url>
			</file>
			<file>
				<name>shap_values_3.png</name>
				<url>shap_values_3.png</url>
			</file>
			<file>
				<name>shap_values_4.png</name>
				<url>shap_values_4.png</url>
			</file>
			<file>
				<name>interaction_values_1_inter_4.png</name>
				<url>interaction_values_1_inter_4.png</url>
			</file>
			<file>
				<name>interaction_values_2_inter_5.png</name>
				<url>interaction_values_2_inter_5.png</url>
			</file>
		</picture>
	</output>
</root>
