{"gy_map": {"热处理1": {"-196℃ 冷处理 回火 200℃": 0, "0": 1, "1000℃ 加热 + 180℃ 等温 1h   空冷 + 600℃": 2, "1020℃过热  等温处理 270℃": 3, "1050~1080℃ 固溶 + 950℃ 空冷 + (-70℃)2h + 400℃": 4, "1050℃   40分 (空冷) + (-78℃)  4h 冷处理": 5, "1050℃  40分 (空冷)": 6, "1050℃ 30分(空冷) + (-78℃) * 1h + 530℃ *2h 空冷 co": 7, "1050℃ 30分(空冷) + (-78℃) * 2h + 530℃ *2h 空冷": 8, "1050℃ 30分(空冷) + (-78℃) * 4h + 530℃ *2h 空冷": 9, "1050℃ 30分(空冷) + (-78℃) * 8h + 530℃ *2h 空冷": 10, "1050℃ 30分(空冷) + (-78℃) *16h + 530℃* 2h 空冷": 11, "1050℃ 30分(空冷) + (-78℃)* 0.25h + 530℃ *2h 空冷 co": 12, "1050℃ 30分(空冷) + (-78℃)* 0.5h  + 530℃ *2h 空冷 co": 13, "1050℃ 固溶 + (-78℃)冷处理": 14, "1050℃ 固溶 + 760℃ * 2h 空冷 + 560℃ 时效": 15, "1050℃ 固溶 + 冷变形 + 520℃ 时效": 16, "1050℃ 固溶 +30%  冷轧 + 520℃ 时效": 17, "1050℃ 空冷 + 30%  冷拔  + 520℃ *2h (空冷)": 18, "1050℃ 空冷 + 760℃ 1.5h 空冷 到室温后于": 19, "1050℃ 空冷 + 975℃ 水冷   (-70℃) 2h": 20, "1080℃*4h 空冷 + 900℃*10h 空冷": 21, "1100~1150℃ 固溶": 22, "1100℃ 固溶  700℃*30h 时效": 23, "1100℃ 水冷(固溶)": 24, "1120℃ 淬火 + 270℃ 等温 3hr + 560℃ 回火": 25, "1180~1200℃ * 2.5~8h 空冷;1050℃ *4h 空冷;": 26, "1180℃ 水冷 780℃ 时效 8~10h 730℃ 二次 时效 25h.": 27, "1200℃ 加热 (尺寸 40*40   D=25 mm); 1050℃ 正火 ": 28, "1200℃ 锻造  空冷": 29, "1200℃ 锻造  空冷  ;860℃ 正火": 30, "1200℃ 锻造  空冷  ;950℃ 正火": 31, "1200℃ 锻造  空冷 ;1050℃ 正火": 32, "400~500℃  箱式炉和 800~850℃盐浴炉 预热": 33, "400~500℃ 箱式炉和 800~850℃盐浴炉 预热": 34, "400~500℃ 箱式炉和 800~850℃盐浴炉预热": 35, "400~500℃箱式炉和 800~850℃盐浴炉 预热": 36, "400~500℃箱式炉和800~850℃ 盐浴炉预热": 37, "400~500℃箱式炉和800~850℃盐浴炉 预热": 38, "400~500℃箱式炉和800~850℃盐浴炉预热": 39, "400℃ 时效 60分": 40, "540℃ 时效 10000 hr": 41, "550℃ 850℃预热 ;1130℃ 淬火 油冷  650℃*2hr": 42, "550℃ 箱式炉 850℃": 43, "550℃ 箱式炉预热  850℃ 盐浴": 44, "550℃ 箱式炉预热 850℃ 盐浴炉": 45, "800℃ 时效 10h": 46, "850~870℃ 油冷   690℃* 5h ; 850~870℃ 油冷  ": 47, "850℃ * 100 h   时效": 48, "860℃ 碳氮共渗 油冷 190℃ 回火 空冷.": 49, "860℃碳氮共渗 油冷": 50, "880℃ 碳氮共渗 油冷": 51, "880℃ 碳氮共渗 油冷 -60℃ 冷处理 ": 52, "890℃ 加热 230℃ 等温+250℃ 回火 空冷": 53, "890℃ 加热 270℃ 等温+310℃ 回火 空冷": 54, "900℃ 加热    280℃  等温 1h": 55, "900℃ 加热 + 200℃ 等温 + 220℃ 回火": 56, "900℃ 加热 + 340℃ 等温 1h": 57, "900℃ 加热 180℃ 等温 + 200℃ 回火": 58, "900℃ 加热 180℃ 等温 + 230℃ 回火": 59, "900℃ 加热 230℃ 等温+ 220℃ 回火  空冷": 60, "900℃ 加热 230℃ 等温+ 230℃ 回火  空冷": 61, "920℃ 伪渗碳 8h + 800~810℃ 淬火(油冷)": 62, "930℃ 伪 渗碳 8h  +780℃ 淬火 (油冷)  ": 63, "930℃ 伪 渗碳 8h  +830℃ 淬火 (油冷)  ": 64, "940±10℃ 渗碳 6-7h 860-880℃ 油淬 ": 65, "940℃ 伪 渗碳 8h + 810℃ 淬火 (油冷)": 66, "RH450": 67, "RH500~510": 68, "RH550": 69, "RH600": 70, "不热处理": 71, "余热淬火   670℃* 10h + 670℃* 8.5h + 690℃": 72, "余热淬火  670℃* 5h+670℃* 4h 二次": 73, "冷处理 回火 200℃": 74, "冷处理 回火 300℃": 75, "冷处理 回火 400℃": 76, "冷处理 回火 550℃": 77, "合金不热处理": 78, "固溶处理1000℃/2h 空冷 +620℃/2h 空冷": 79, "固溶处理:1170-1175℃ 45分 水冷": 80, "固溶热处理 1040℃ 1(h) 空冷": 81, "在连续炉伪渗碳  1 区860℃": 82, "时效前   1050℃ 固溶 + (-78℃)* 8h 冷处理": 83, "最终 锻造 温度 :980℃": 84, "正火+回火": 85, "淬火 880℃ 油冷+780℃ 油冷": 86, "淬火 900℃ 油冷+870℃ 油冷": 87, "淬火前 550℃箱式炉预热 ": 88, "淬火前 550℃预热": 89, "淬火后  -78℃ 冷处理  然后回火": 90, "热轧": 91, "热轧 回火 600℃": 92, "热轧+高温 回火": 93, "焊后  620~650℃ 回火": 94, "焊后预热 至 270℃ ": 95, "盐浴炉 930℃ *20分 180~190℃ *2h 等温 +": 96, "盐浴炉 930℃ *20分 240~260℃ *2h 等温 +": 97, "盐浴炉 930℃ *20分 240℃ *2h 等温 + 300℃": 98, "盐浴炉 930℃ *20分 280~290℃ *2h 等温 +": 99, "盐浴炉 930℃ *20分 280℃ *2h 等温 + 300℃": 100, "盐浴炉 930℃ *20分 320℃ *2h 等温": 101, "轧制后 1180℃*2h 空冷 1050℃*4h 空冷.": 102, "软氮化 (540℃ 4h 油冷 淬火)": 103, "过热 1020℃ 等温处理 270℃ 回火 200℃": 104, "铸态": 105, "铸态: 不热处理": 106, "铸态:不热处理": 107, "铸造": 108, "铸造 :   1150℃ 固溶": 109, "锻态": 110, "锻造": 111, "锻造 回火 600℃": 112, "锻造: 950℃ *30 分": 113, "锻造: 加热 温度 1220℃ 终锻温度": 114, "锻造后  690℃* 8h 二次 回火": 115, "锻造后空冷 至 800℃  保持 5分;": 116, "预处理:860℃ 空冷 640℃ 控制冷却": 117, "预热:550℃  850℃ ;1120℃ 淬火(油冷);650℃*2h": 118}, "热处理2": {"* 10h  回火": 0, "+ 220℃ 回火": 1, "+ 425℃ 1h 空冷": 2, "+ 450℃ 1h 空冷": 3, "+ 520℃ 时效": 4, "+160℃ 回火": 5, "+590℃/2h 空冷": 6, "+600℃*2h  两次 回火": 7, "+600℃*2hr 两次 回火": 8, "-196℃ 冷处理": 9, "-60℃ 冷处理": 10, "-70℃ 冷处理 + 160℃ 回火": 11, "0": 12, "1120℃ 油冷 淬火": 13, "1180℃  快速加热": 14, "1180℃ 快速加热": 15, "15℃ 保温 1.5h   +   600℃ 时效 1.5h(空冷)": 16, "15℃ 保温 1.5h + 550~570℃ 时效 1.5h(空冷)": 17, "190±10℃ 回火": 18, "2 区 960℃ 3 区 910℃  共8h  预冷到 830℃ ": 19, "280~290℃ 回火": 20, "630~650℃* 1.5~2h 回火   空冷": 21, "680℃* 5h + 680℃* 4h 二次 回火": 22, "750-760℃ 5h 时效 空冷": 23, "750~800℃ *16h 空冷": 24, "780-800℃ 两次油淬 200℃ 2h 回火": 25, "800℃*16h 空冷": 26, "850℃  盐浴炉": 27, "910℃ 空冷 .": 28, "980℃淬火 油冷;650℃*2h +660℃*2h": 29, "三次": 30, "中间一次时效 815℃ 30' 空冷": 31, "加工冲击试样": 32, "回火": 33, "回火 (两次 )   水冷": 34, "回火 200℃ 空冷": 35, "时效 1h (空冷) -----------RH400": 36, "最终处理:840℃ 水冷  600±10℃ 炉冷": 37, "渗层 1mm": 38, "炉;1030℃淬火 (油冷);610℃*2h +615℃*2h": 39, "焊后 回火 690~710℃": 40, "盐浴炉;1010℃ 淬火 油冷  400℃*2hr+": 41}, "热处理3": {" 200℃": 0, "0": 1, "200℃ * 2h * 二次": 2, "300℃ * 2h * 二次": 3, "400℃ * 2h * 二次": 4, "400℃*2hr 两次": 5, "500℃ * 2h * 二次": 6, "520℃ * 2h * 二次": 7, "540℃ * 2h * 二次": 8, "560℃ * 2h * 二次": 9, "600℃ * 2h * 二次": 10, "630℃ * 2h * 二次": 11, "650℃ * 2h * 二次": 12, "两次": 13, "直接油淬 + 840℃油冷  + 200℃回火  空冷": 14, "空冷": 15, "锻造比:2": 16}, "热处理4": {"0": 0}, "渗氮": {"0": 0, "层深 1mm": 1, "软氮化 0.21mm": 2}, "渗碳": {"0": 0, "920  渗碳 油冷": 1, "层深 1mm": 2}, "回火": {"0": 0, "150-180℃ 2h 空冷": 1, "150℃ 2h 空冷": 2, "160℃": 3, "160℃   120' 空冷": 4, "160℃ 120' 空冷": 5, "170-200℃": 6, "170℃ 2h 空冷": 7, "180℃": 8, "180℃ 1.5h 空冷": 9, "180℃ 120' 空冷": 10, "180℃ 2hr": 11, "180℃ 3h": 12, "190℃ 2h 空冷": 13, "200℃": 14, "200℃  120' 空冷": 15, "200℃  2h": 16, "200℃ 120' 空冷": 17, "200℃ 2h 空冷": 18, "200℃ 3h 空冷": 19, "200℃ 60分 空冷": 20, "200℃ 水冷": 21, "200℃ 空冷": 22, "210℃ 3h": 23, "220 c 二次": 24, "220℃": 25, "220℃  两次": 26, "220℃ 二次": 27, "220℃ 空冷": 28, "230℃  120' 空冷": 29, "230℃ 2h 空冷": 30, "240℃ 3h": 31, "250℃": 32, "250℃ 2h 空冷": 33, "250℃ 空冷": 34, "260℃  120' 空冷": 35, "260℃  2h": 36, "260℃ *2h": 37, "260℃ 120' 空冷": 38, "260℃ 空冷": 39, "270℃": 40, "270℃ 2h 空冷": 41, "270℃ 2h+200℃ 空冷": 42, "270℃ 3h": 43, "275℃ 空冷": 44, "280~300℃* 2h": 45, "280℃ * 2h": 46, "280℃ *2h": 47, "280℃ *4h": 48, "280℃ *6h": 49, "300~400℃": 50, "300℃": 51, "300℃ *2h": 52, "300℃ 1.5h 空冷(两次)": 53, "300℃ 2h 空冷": 54, "300℃ 2h+200℃ 空冷": 55, "300℃ 35分 空冷": 56, "300℃ 3h": 57, "300℃ 3h 空冷": 58, "300℃ 60分 空冷": 59, "300℃ 两次": 60, "300℃ 二次": 61, "300℃ 空冷": 62, "300℃ 空冷 (两次)": 63, "310℃ * 2h": 64, "320℃ 2h 空冷": 65, "340℃ * 2h": 66, "340℃ 2h+200℃ 空冷": 67, "350℃": 68, "350℃ 2h 空冷": 69, "350℃ 二次": 70, "360℃ 空冷": 71, "380℃ 2h 空冷": 72, "400℃": 73, "400℃ 2h 空冷": 74, "400℃ 2hr 空冷": 75, "400℃ 3h": 76, "400℃ 60 分 空冷": 77, "400℃ 二次": 78, "400℃ 空冷": 79, "440~470℃  水冷": 80, "450℃": 81, "450℃  3h 空冷": 82, "450℃ 0.5h 空冷": 83, "450℃ 1h 空冷": 84, "450℃ 二次": 85, "460℃       空冷": 86, "460℃ 2h 油冷": 87, "470℃ 水冷": 88, "480℃  3h 空冷": 89, "480℃ 水冷": 90, "480℃ 空冷": 91, "490℃": 92, "500℃": 93, "500℃   空冷": 94, "500℃  2h": 95, "500℃  60' 油冷": 96, "500℃  60--75'  水冷": 97, "500℃ 0.5h 空冷": 98, "500℃ 1.5h 空冷 (两次)": 99, "500℃ 3h": 100, "500℃ 二次": 101, "500℃ 油冷": 102, "510℃ 空冷": 103, "520℃": 104, "520℃  2h": 105, "520℃  3h 空冷": 106, "520℃ 3h": 107, "520℃ 二次": 108, "525℃": 109, "530℃": 110, "530℃ 1h 三次": 111, "540+-10℃ 1.5h 空冷": 112, "540℃": 113, "540℃  2h": 114, "540℃  水冷": 115, "540℃ 3h": 116, "540℃ 二次": 117, "540℃ 水冷": 118, "550 ℃": 119, "550~585℃": 120, "550℃": 121, "550℃ 0.5h 空冷": 122, "550℃ 1h 空冷": 123, "550℃ 2h 空冷": 124, "550℃ 水冷": 125, "550℃ 油冷": 126, "550℃ 空冷": 127, "560~650℃": 128, "560℃   空冷": 129, "560℃  2h": 130, "560℃  水冷": 131, "560℃ 1.5hr 空冷": 132, "560℃ 1h 空冷": 133, "560℃ 3h (空冷)": 134, "560℃ 二次": 135, "560℃-620℃ >=90' 水冷": 136, "570℃": 137, "570℃ 60 分 空冷": 138, "580 ℃": 139, "580℃": 140, "580℃ 1.5h 空冷 (两次)": 141, "580℃ 30-40' 油冷": 142, "580℃ 3h": 143, "580℃ 6h 空冷": 144, "580℃ 两次": 145, "580℃ 二次": 146, "580℃ 油冷": 147, "580℃ 空冷": 148, "595℃ 2hr 空冷+560℃ 2hr 空冷": 149, "600~610℃": 150, "600±10℃": 151, "600℃": 152, "600℃  (空冷)": 153, "600℃  2h  空冷": 154, "600℃  60--75'  水冷": 155, "600℃ (两次)  水冷": 156, "600℃ (空冷)": 157, "600℃ * 5h": 158, "600℃ 0.5h 空冷": 159, "600℃ 1.5h 空冷 (两次)": 160, "600℃ 1.5h 空冷(两次)": 161, "600℃ 1h 空冷": 162, "600℃ 2h 空冷": 163, "600℃ 3h": 164, "600℃ 二次": 165, "600℃ 保温 50分 油冷": 166, "600℃ 水冷": 167, "600℃ 油冷": 168, "600℃ 空冷": 169, "600℃(空冷) 2h 两次": 170, "610±10℃": 171, "610℃": 172, "610℃ 2h 空冷": 173, "610℃*2h +600℃*2h": 174, "620℃ 1.5h 空冷 (两次)": 175, "620℃ 4.5hr 空冷": 176, "620℃ 油冷": 177, "620℃ 炉冷": 178, "625℃": 179, "630-650℃": 180, "630℃": 181, "630℃(两次) 水冷": 182, "640~650℃ (水冷)": 183, "640~670℃": 184, "640℃": 185, "640℃ 1.5h 空冷 (两次)": 186, "640℃*2hr+620℃*2hr": 187, "650~660℃* 6h": 188, "650~720℃": 189, "650℃": 190, "650℃ * 5h": 191, "650℃ 2h 空冷": 192, "650℃(空冷) 2h 两次": 193, "660℃ 3h": 194, "670℃ *6h+670℃* 6h+690℃* 10h": 195, "670℃ 1h 空冷": 196, "670℃ 空冷": 197, "670℃* 5h+670℃* 4h 二次": 198, "670℃* 6h": 199, "670℃±10℃": 200, "675℃": 201, "680℃": 202, "680℃ 10h": 203, "680℃ 10h 空冷": 204, "680℃ 3h": 205, "680℃ 3h 700℃ 3h": 206, "680℃ 6h": 207, "680℃ 6h 700℃ 3h": 208, "680℃ 空冷": 209, "680℃* 10h 空冷": 210, "680℃* 3h +680℃* 3h 二次": 211, "680℃* 5h": 212, "680℃* 6h": 213, "685℃ * 5h": 214, "690℃ 2h 空冷": 215, "690℃* 5h": 216, "700-750℃": 217, "700℃": 218, "700℃ * 1h  空冷": 219, "700℃ * 5h": 220, "700℃ *6h": 221, "700℃ 10h 空冷": 222, "700℃ 3h 空冷": 223, "700℃ 6h": 224, "700℃ 6h 空冷": 225, "700℃ 7h 空冷": 226, "700℃(空冷) 2h 两次": 227, "700℃* 6h": 228, "710℃ 10h": 229, "710℃ 10h 空冷": 230, "710℃-740℃ 空冷": 231, "720±10℃": 232, "720℃": 233, "720℃ 10h": 234, "720℃ 2h 空冷": 235, "720℃ 6h": 236, "720℃* 6h": 237, "740℃": 238, "740℃ 6h": 239, "750℃": 240, "750℃  (空冷)": 241, "750℃ (3hr)": 242, "750℃ * 1h  空冷": 243, "760℃": 244, "760℃ * 3h": 245, "760℃ 5h": 246, "770℃": 247, "770℃ (3hr)": 248, "770℃ * 3h": 249, "770℃ 3h 空冷": 250, "780~810℃": 251, "780℃": 252, "790℃ * 3h": 253, "800℃": 254, "800℃  (水冷)": 255}, "淬火": {"0": 0, "1000℃     空冷": 1, "1000℃   水冷": 2, "1000℃ (油冷)": 3, "1000℃ *45分": 4, "1000℃ 30' 油冷": 5, "1000℃ 油冷": 6, "1020℃": 7, "1020℃ 油冷": 8, "1030℃": 9, "1030℃ (油冷)": 10, "1030℃ 2h 水冷": 11, "1030℃ 二次": 12, "1030℃ 油冷": 13, "1040~1060℃ (油冷 或 空冷)": 14, "1040℃": 15, "1040℃ (油冷)": 16, "1050℃": 17, "1050℃  油冷": 18, "1050℃ *20分  油冷": 19, "1050℃ 2h 油冷": 20, "1050℃ 40' 油冷": 21, "1050℃ 油冷": 22, "1050℃ 空冷": 23, "1050℃; 980℃ (油冷)": 24, "1060~1080℃ (油冷)": 25, "1060℃": 26, "1060℃ 油冷": 27, "1060℃(油冷)": 28, "1070℃ 水冷": 29, "1070℃ 空冷": 30, "1080℃": 31, "1080℃ *20分  油冷": 32, "1080℃(油冷)": 33, "1100-1150℃ 油冷": 34, "1100℃     空冷": 35, "1100℃   水冷": 36, "1100℃  (水冷)": 37, "1100℃ (油冷)": 38, "1100℃ 油冷": 39, "1120℃": 40, "1140℃ 油冷": 41, "1150℃ 水冷": 42, "1150℃ 油冷": 43, "1160~1190℃  水冷": 44, "1160℃": 45, "1180℃": 46, "1180℃ 油冷": 47, "1200℃     空冷": 48, "1200℃   水冷": 49, "1200℃ 油冷": 50, "1220℃ 油冷": 51, "1240℃ 油冷": 52, "1260℃ 油冷": 53, "810℃ 水冷": 54, "820-830℃ 油冷": 55, "820℃   油冷": 56, "820℃ 油冷": 57, "820℃-850℃ 40' 水冷": 58, "830~850℃ 油冷": 59, "830℃ 水冷": 60, "830℃ 油冷": 61, "840~870℃ 油冷": 62, "840±10℃(油冷-空冷-油冷)": 63, "840℃   油冷": 64, "840℃ (油冷)": 65, "840℃ 0.5h 水冷": 66, "840℃ 水冷": 67, "840℃ 油冷": 68, "850~870℃ 油冷": 69, "850℃   50'   油冷": 70, "850℃  (油冷)": 71, "850℃  25' 油冷": 72, "850℃  45' 油冷": 73, "850℃ (水冷)": 74, "850℃ (油冷)": 75, "850℃ 水冷": 76, "850℃ 油冷": 77, "860+-10℃ 1h 水冷": 78, "860℃       油冷": 79, "860℃     油冷": 80, "860℃  风冷": 81, "860℃ 30' 油冷": 82, "860℃ 40' 油冷": 83, "860℃ 780℃ 两次  40' 油冷": 84, "860℃ 780℃ 两次 40' 油冷": 85, "860℃ 油冷": 86, "860℃+ 800~820℃ (油冷)": 87, "865-885℃ 油冷": 88, "870℃  风冷": 89, "870℃ 15' 油冷+ 830℃ 15' 油冷": 90, "870℃ 40分 油冷": 91, "870℃ 油冷": 92, "875℃  空冷": 93, "875℃ 30分 空冷": 94, "880℃": 95, "880℃    油冷": 96, "880℃  水冷": 97, "880℃ 1h 油冷": 98, "880℃ 2h 油冷": 99, "880℃ 30 分 油冷": 100, "880℃ 30'水冷": 101, "880℃ 30'油冷+840℃ 30'油冷": 102, "880℃ 30-45' 油冷": 103, "880℃ 保温 35 分 油冷": 104, "880℃ 水冷": 105, "880℃ 油冷": 106, "880℃ 空冷 或 油冷": 107, "890℃ 30 分 空冷": 108, "890℃ 30' 油冷": 109, "890℃ 油冷": 110, "900℃   油冷": 111, "900℃ (油冷)": 112, "900℃ 30' 油冷+840℃ 30' 油冷": 113, "900℃ 890℃ 两次 油冷": 114, "900℃ 水冷": 115, "900℃ 油冷": 116, "900℃ 油冷+870℃ 油冷": 117, "920℃": 118, "920℃   油冷": 119, "920℃ *20分 油冷": 120, "920℃ 180℃ 回火 空冷": 121, "920℃ 300℃ 回火 空冷": 122, "920℃ 油冷": 123, "920℃ 空冷": 124, "930~950℃ (水冷)": 125, "930℃  油冷": 126, "930℃ *20分  油冷": 127, "930℃ 水冷 5' 油冷": 128, "930℃ 油冷": 129, "940℃   油冷": 130, "950+/-10℃ 风冷": 131, "950℃": 132, "950℃ * 30分 (水冷)": 133, "950℃ 油冷": 134, "960℃ 油冷": 135, "975℃  (空冷)": 136, "975℃(空冷)": 137, "980 ℃": 138, "980℃": 139, "980℃ 油冷": 140, "980℃(油冷)": 141, "980℃(空冷)": 142, "985℃ 30' 油冷": 143, "盐浴 炉 930℃ *20分(油冷": 144, "盐浴炉 930℃ *20分(油冷)": 145}, "正火": {"0": 0, "1000℃": 1, "1000℃ * 45分": 2, "1000℃ *45分": 3, "1000℃ *45分(堆冷)": 4, "1030-1060℃ 空冷 980-1000℃ 空": 5, "1030~1050℃": 6, "1030℃ 90' 空冷": 7, "1040℃  960℃  二次": 8, "1050℃": 9, "1050℃ (90分)": 10, "1050℃ 40' 空冷": 11, "1050℃ 空冷": 12, "1070℃ 45'": 13, "1100℃": 14, "1100℃(60 分)": 15, "1150℃": 16, "650℃ 空冷": 17, "700℃ 空冷": 18, "800℃ 空冷": 19, "840±10℃": 20, "840℃ 水冷": 21, "850±10℃": 22, "850℃": 23, "850℃  30分 空冷": 24, "850℃ 空冷": 25, "860℃": 26, "875℃": 27, "880℃": 28, "880℃ 1h 空冷": 29, "890℃ 2h 空冷": 30, "890℃ 空冷": 31, "900-910℃  3h  风冷": 32, "900-960℃": 33, "900℃": 34, "900℃ 空冷": 35, "910℃ 3h   雾冷": 36, "920℃": 37, "920℃ 1.5h 空冷": 38, "920℃ 2.5hr 空冷": 39, "920℃ 空冷": 40, "925℃": 41, "930~950℃": 42, "930℃": 43, "930℃  2h  空冷": 44, "950±10℃ + 940±10℃": 45, "950℃": 46, "950℃ * 30分": 47, "950℃ 45'": 48, "950℃ 空冷": 49, "960℃±10℃(风冷)": 50, "970℃": 51, "980~1020℃": 52, "980~990℃": 53, "980℃": 54, "盐浴 炉 940℃ *20分": 55}, "退火": {"0": 0, "1000℃": 1, "150~300℃  2~3 h  (空冷)": 2, "150~300℃*2~3h  (空冷)": 3, "500℃-700℃": 4, "600~650℃": 5, "600~700℃  1~4 h  空冷": 6, "680~690℃ 炉冷": 7, "690+/-10℃ 炉冷": 8, "690~710℃  炉冷": 9, "800℃": 10, "810℃": 11, "820-850℃": 12, "880℃": 13, "900-920℃ 250℃ 出炉": 14, "900℃ 4.5h 650℃ 出炉": 15, "920℃ 4.5h 650℃ 出炉": 16, "950℃": 17}, "熔炼方式": {"0": 0}, "热加工方式": {"0": 0}, "热处理工艺": {"0": 0}}, "xn": "冲击韧性", "max": {"C": 3.78, "Mn": 18.0, "Si": 3.0, "P": 0.11, "S": 0.068, "Cr": 29.5, "Mo": 6.0, "V": 1.92, "Ni": 63.464, "W": 9.0, "Ce": 0.02, "La": 0.0, "Ca": 0.0033, "Co": 10.0, "Nb": 0.4, "Ti": 2.8, "B": 0.03, "Cu": 99.71, "Sr": 0.0, "Se": 0.0, "Na": 0.0, "Hg": 0.0, "Cd": 0.0, "Ag": 0.0, "As": 0.01, "Bi": 0.003, "Zn": 36.277, "Sb": 0.01, "Sn": 0.7, "Pb": 0.2, "N": 0.28, "O": 0.08, "H": 0.0, "Mg": 3.5, "热处理1": 118.0, "热处理2": 41.0, "热处理3": 16.0, "热处理4": 0.0, "渗氮": 2.0, "渗碳": 2.0, "回火": 255.0, "淬火": 145.0, "正火": 55.0, "退火": 17.0, "熔炼方式": 0.0, "热加工方式": 0.0, "热处理工艺": 0.0, "冲击韧性": 588.0}, "min": {"C": 0.0, "Mn": 0.0, "Si": 0.0, "P": 0.0, "S": 0.0, "Cr": 0.0, "Mo": 0.0, "V": 0.0, "Ni": 0.0, "W": 0.0, "Ce": 0.0, "La": 0.0, "Ca": 0.0, "Co": 0.0, "Nb": 0.0, "Ti": 0.0, "B": 0.0, "Cu": 0.0, "Sr": 0.0, "Se": 0.0, "Na": 0.0, "Hg": 0.0, "Cd": 0.0, "Ag": 0.0, "As": 0.0, "Bi": 0.0, "Zn": 0.0, "Sb": 0.0, "Sn": 0.0, "Pb": 0.0, "N": 0.0, "O": 0.0, "H": 0.0, "Mg": 0.0, "热处理1": 0.0, "热处理2": 0.0, "热处理3": 0.0, "热处理4": 0.0, "渗氮": 0.0, "渗碳": 0.0, "回火": 0.0, "淬火": 0.0, "正火": 0.0, "退火": 0.0, "熔炼方式": 0.0, "热加工方式": 0.0, "热处理工艺": 0.0, "冲击韧性": 1.0}, "median": {"C": 0.215, "Mn": 0.71, "Si": 0.35, "P": 0.018, "S": 0.014, "Cr": 1.13, "Mo": 0.325, "V": 0.0, "Ni": 0.0, "W": 0.0, "Ce": 0.0, "La": 0.0, "Ca": 0.0, "Co": 0.0, "Nb": 0.0, "Ti": 0.0, "B": 0.0, "Cu": 0.0, "Sr": 0.0, "Se": 0.0, "Na": 0.0, "Hg": 0.0, "Cd": 0.0, "Ag": 0.0, "As": 0.0, "Bi": 0.0, "Zn": 0.0, "Sb": 0.0, "Sn": 0.0, "Pb": 0.0, "N": 0.0, "O": 0.0, "H": 0.0, "Mg": 0.0, "热处理1": 1.0, "热处理2": 12.0, "热处理3": 1.0, "热处理4": 0.0, "渗氮": 0.0, "渗碳": 0.0, "回火": 7.0, "淬火": 0.0, "正火": 0.0, "退火": 0.0, "熔炼方式": 0.0, "热加工方式": 0.0, "热处理工艺": 0.0, "冲击韧性": 74.0}}