{
    "gy_map": {
        "热处理1": {
            " 锻造后 空冷": 0,
            "0": 1,
            "1060℃ 15-20分  860℃ 淬火至室温": 2,
            "1110℃加热 15-20分 淬火  860℃": 3,
            "1120℃*2h 固溶处理 空冷 + 850℃*24h": 4,
            "1135±10℃*2h 空冷 + 845±10℃*24h <=2h/炉冷": 5,
            "1150℃*4h 空冷 + 850℃*16h 空冷": 6,
            "1180℃ 水冷 780℃ 时效 8~10h 730℃ 二次 时效 25h.": 7,
            "140℃ 16hr 空冷": 8,
            "160℃ 时效 (14hr)": 9,
            "160℃ 时效 14hr": 10,
            "190℃ 空冷": 11,
            "930℃  渗碳": 12,
            "二次高温回火 (580℃ 6h 650℃ 6h)+二次": 13,
            "固溶热处理 1010℃ 1(h) 空冷": 14,
            "固溶热处理 1015℃ 1(h) 空冷": 15,
            "固溶热处理 1040℃ 1(h) 油冷": 16,
            "固溶热处理 1040℃ 1(h) 空冷": 17,
            "固溶热处理 980℃ 1(h) 空冷": 18,
            "固溶热处理 990℃ 1(h) 空冷": 19,
            "消除应力:630℃ 10h 炉冷": 20,
            "消除应力:640℃ 10h 炉冷": 21,
            "淬火 1060-1080℃ 15-20分  860℃ ": 22,
            "渗碳+二次 淬火 (780-830℃)+回火": 23,
            "渗碳+二次高温回火 (580℃ 6h   650℃": 24,
            "热轧": 25,
            "砂型 铸造": 26,
            "砂型铸模": 27,
            "砂型铸造": 28,
            "砂型铸锭": 29,
            "碳氮共渗 直接 淬火 (810℃)+回火 190℃ 2h": 30,
            "铸态": 31,
            "铸造": 32,
            "预处理:1010℃ 35h 空冷 720℃ 25h 炉冷;": 33,
            "预处理:1030℃ 18h 空冷 720℃ 21h 炉冷;": 34
        },
        "热处理2": {
            "0": 0,
            "190℃ 2h": 1,
            "6h)二次 淬火 (780-830℃)+回火 190℃ 2h": 2,
            "705±10℃*20h 空冷": 3,
            "中间一次时效 590℃ 4(h) 空冷": 4,
            "中间一次时效 620℃ 4(h) 空冷": 5,
            "中间一次时效 630℃ 4(h) 空冷": 6,
            "中间一次时效 650℃ 1(h) 空冷": 7,
            "中间一次时效 650℃ 4(h) 空冷": 8,
            "中间一次时效 660℃ 4(h) 空冷": 9,
            "中间一次时效 670℃ 4(h) 空冷": 10,
            "中间一次时效 680℃ 4(h) 空冷": 11,
            "中间一次时效 700℃ 4(h) 空冷": 12,
            "中间一次时效 815℃ 30' 空冷": 13,
            "中间一次时效 815℃ 70' 空冷": 14,
            "回火 530℃ 三次 2h/次": 15,
            "时效   空冷": 16,
            "最终时效 640℃ 4(h) 空冷": 17,
            "淬火 (780℃-830℃)+回火 190℃ 2h": 18,
            "淬火 至室温 水冷 -78℃ 冷处理": 19,
            "温度--水冷---78℃ 冷处理--室温": 20,
            "调质处理:950℃ 19h 风冷 670℃ 48h 炉冷": 21,
            "调质处理:955℃ 25h 风冷 680℃ 35h 炉冷": 22
        },
        "热处理3": {
            "0": 0,
            "室温 160℃ 3h": 1,
            "最终时效 560℃ 5(h) 空冷": 2,
            "最终时效 570℃ 5(h) 空冷": 3,
            "最终时效 580℃ 5(h) 空冷": 4,
            "最终时效 590℃ 5(h) 空冷": 5,
            "最终时效 600℃ 5(h) 空冷": 6,
            "最终时效 605℃ 5(h) 空冷": 7,
            "最终时效 610℃ 5(h) 空冷": 8,
            "最终时效 620℃ 5(h) 空冷": 9,
            "温度--水冷-- 160℃ 3h": 10,
            "除应力处理:630℃ 23h 炉冷": 11,
            "除应力处理:645℃ 20h 炉冷": 12
        },
        "热处理4": { "0": 0 },
        "渗氮": { "0": 0 },
        "渗碳": { "0": 0, "1.2-1.24  mm": 1 },
        "回火": {
            "0": 0,
            "150-180℃ 2h 空冷": 1,
            "160℃ 2h": 2,
            "160℃ 3h": 3,
            "180℃ 2h 空冷": 4,
            "190℃ 2h": 5,
            "190℃ 2h 空冷": 6,
            "190℃ 90' 空冷": 7,
            "200℃ 2h 空冷": 8,
            "200℃ 60分 空冷": 9,
            "200℃ 空冷": 10,
            "380℃ 2h 空冷": 11,
            "450℃ 1h 空冷": 12,
            "460℃       空冷": 13,
            "480℃ 空冷": 14,
            "500℃  60--75'  水冷": 15,
            "500℃ 两次": 16,
            "510℃ 空冷": 17,
            "540℃ 水冷": 18,
            "560℃   空冷": 19,
            "560℃ 1.5hr 空冷": 20,
            "560℃ 1h 空冷": 21,
            "560℃-620℃ >=90' 水冷": 22,
            "570℃ (两次)": 23,
            "575℃ 14h (空冷)": 24,
            "595/550 2h 空冷 两次": 25,
            "595℃ 2hr 空冷+560℃ 2hr 空冷": 26,
            "600±10℃": 27,
            "600℃  60--75'  水冷": 28,
            "600℃ * 5h": 29,
            "600℃ 1.5h": 30,
            "600℃ 1.5h 空冷": 31,
            "600℃ 1h 空冷": 32,
            "600℃ 2h 空冷": 33,
            "600℃ 6hr": 34,
            "600℃ 空冷": 35,
            "600℃/610℃ 两次 空冷": 36,
            "600℃/655℃ 两次 空冷": 37,
            "620℃ 3h 空冷": 38,
            "620℃ 4.5hr 空冷": 39,
            "620℃ 油冷": 40,
            "640℃/655℃ 2h 空冷 两次": 41,
            "650~660℃ *(8分/毫米)空冷": 42,
            "650℃": 43,
            "650℃ 空冷": 44,
            "665℃ 15h 炉冷": 45,
            "670℃ 15h 炉冷": 46,
            "670℃ 空冷": 47,
            "670℃/680℃ 2h 空冷 两次": 48,
            "670℃±10℃": 49,
            "680~690℃ *(8分/毫米)空冷": 50,
            "680℃ 空冷": 51,
            "690℃ 2h 空冷": 52,
            "690℃ 空冷": 53,
            "700℃ 空冷": 54,
            "710℃ 6h 空冷": 55,
            "710℃ 空冷": 56,
            "720℃ 空冷": 57,
            "730-780℃ 60'": 58,
            "730℃ 空冷": 59,
            "760℃": 60,
            "760℃ 60 分": 61,
            "770℃ (3h)": 62,
            "770℃ (3hr)": 63
        },
        "淬火": {
            "0": 0,
            "1000℃ 油冷": 1,
            "1020℃ 油冷": 2,
            "1025℃ 90' 水冷": 3,
            "1030℃ 油冷": 4,
            "1050℃ 油冷": 5,
            "1060℃ 油冷": 6,
            "1080-1130℃ 水冷": 7,
            "1100℃ 油冷": 8,
            "1150℃ 油冷": 9,
            "1175℃* 30分 (水冷)": 10,
            "1220℃* 5 分 (水冷)": 11,
            "470℃ 水冷": 12,
            "500℃ (水冷)": 13,
            "500℃ 水冷": 14,
            "515℃ 水冷": 15,
            "550-620℃ 空冷": 16,
            "810℃ 水冷": 17,
            "820-830℃ 油冷": 18,
            "820℃ 0.5h 水冷": 19,
            "820℃ 40分(水冷)": 20,
            "820℃ 油冷": 21,
            "820℃-850℃ 40' 水冷": 22,
            "830-840℃ 油冷": 23,
            "830℃ 10' 油冷": 24,
            "830℃ 油冷": 25,
            "840±10℃(油冷-空冷-油冷)": 26,
            "840℃ 3h (油冷)": 27,
            "840℃ 水冷": 28,
            "850-860℃ 15-20分 油冷": 29,
            "850-860℃ 油冷": 30,
            "850℃   50'   油冷": 31,
            "850℃  45' 油冷": 32,
            "850℃ 0.5h 水冷": 33,
            "850℃ 油冷": 34,
            "860℃       油冷": 35,
            "860℃ 水冷": 36,
            "865-885℃ 油冷": 37,
            "870℃ 0.5h 油冷": 38,
            "870℃ 30' 油冷": 39,
            "870℃ 40分 油冷": 40,
            "870℃ 油冷": 41,
            "880℃ 1h 油冷": 42,
            "880℃ 油冷": 43,
            "890℃ 10h 水冷": 44,
            "890℃ 15h 水冷": 45,
            "900℃ 油冷": 46,
            "920~930℃ *(2.5分/毫米)水冷": 47,
            "950℃ * 30分 (水冷)": 48,
            "950℃ 15分 油冷": 49,
            "950℃ 油冷": 50,
            "970℃ 油冷": 51,
            "985℃ 30' 油冷": 52,
            "二次 (780-830℃)": 53,
            "直接 淬火 810℃": 54,
            "第一次 880℃ 油冷 第二次 870℃": 55
        },
        "正火": {
            "0": 0,
            "1020-1070℃ 6'保温": 1,
            "1045℃": 2,
            "1050℃ 10分": 3,
            "1050℃ 空冷": 4,
            "1080℃ (90分)": 5,
            "1080℃(60 分)": 6,
            "1100℃(90 分)": 7,
            "840℃ 1h 空冷": 8,
            "850℃ *24h  空冷": 9,
            "850℃-900℃": 10,
            "860℃": 11,
            "880-910℃ 空冷": 12,
            "880℃": 13,
            "880℃ 45分 空冷": 14,
            "890℃ 2h 空冷": 15,
            "890℃ 空冷": 16,
            "900℃": 17,
            "900℃ 2h": 18,
            "900℃ 4h 空冷": 19,
            "900℃ 空冷": 20,
            "920~930℃ *(2.5分/毫米)空冷": 21,
            "920℃ 1.5h 空冷": 22,
            "920℃ 2.5hr 空冷": 23,
            "930℃": 24,
            "930℃ 3h 空冷": 25,
            "930℃ 40'": 26,
            "960℃±10℃(风冷)": 27
        },
        "退火": {
            "0": 0,
            "530-550℃ 4-6h 200℃ 出炉": 1,
            "740℃ 1h 炉冷": 2,
            "920℃": 3,
            "940℃ 3.5h 650℃ 出炉": 4,
            "消除应力 530-550℃4-6h": 5
        },
        "熔炼方式": { "0": 0 },
        "热加工方式": { "0": 0 },
        "热处理工艺": { "0": 0 }
    },
    "xn": "冲击吸收能",
    "max": {
        "C": 4.0,
        "Mn": 1.6,
        "Si": 11.48,
        "P": 0.17,
        "S": 0.164,
        "Cr": 24.5,
        "Mo": 4.37,
        "V": 1.23,
        "Ni": 58.0,
        "W": 3.8,
        "Ce": 0.0,
        "La": 0.0,
        "Ca": 0.0035,
        "Co": 9.0,
        "Nb": 0.96,
        "Ti": 3.2,
        "B": 0.012,
        "Cu": 99.9,
        "Sr": 0.0,
        "Se": 0.0,
        "Na": 0.0,
        "Hg": 0.0,
        "Cd": 0.0,
        "Ag": 0.0,
        "As": 0.13,
        "Bi": 0.088,
        "Zn": 6.47,
        "Sb": 15.9,
        "Sn": 88.9966,
        "Pb": 66.6,
        "Fe": 50.77,
        "N": 0.052,
        "O": 0.0053,
        "H": 0.00031,
        "Mg": 2.15,
        "热处理1": 34.0,
        "热处理2": 22.0,
        "热处理3": 12.0,
        "热处理4": 0.0,
        "渗氮": 0.0,
        "渗碳": 1.0,
        "回火": 63.0,
        "淬火": 55.0,
        "正火": 27.0,
        "退火": 5.0,
        "熔炼方式": 0.0,
        "热加工方式": 0.0,
        "热处理工艺": 0.0,
        "冲击吸收能": 327.0
    },
    "min": {
        "C": 0.0,
        "Mn": 0.0,
        "Si": 0.0,
        "P": 0.0,
        "S": 0.0,
        "Cr": 0.0,
        "Mo": 0.0,
        "V": 0.0,
        "Ni": 0.0,
        "W": 0.0,
        "Ce": 0.0,
        "La": 0.0,
        "Ca": 0.0,
        "Co": 0.0,
        "Nb": 0.0,
        "Ti": 0.0,
        "B": 0.0,
        "Cu": 0.0,
        "Sr": 0.0,
        "Se": 0.0,
        "Na": 0.0,
        "Hg": 0.0,
        "Cd": 0.0,
        "Ag": 0.0,
        "As": 0.0,
        "Bi": 0.0,
        "Zn": 0.0,
        "Sb": 0.0,
        "Sn": 0.0,
        "Pb": 0.0,
        "Fe": 0.0,
        "N": 0.0,
        "O": 0.0,
        "H": 0.0,
        "Mg": 0.0,
        "热处理1": 0.0,
        "热处理2": 0.0,
        "热处理3": 0.0,
        "热处理4": 0.0,
        "渗氮": 0.0,
        "渗碳": 0.0,
        "回火": 0.0,
        "淬火": 0.0,
        "正火": 0.0,
        "退火": 0.0,
        "熔炼方式": 0.0,
        "热加工方式": 0.0,
        "热处理工艺": 0.0,
        "冲击吸收能": 2.0
    },
    "median": {
        "C": 0.176,
        "Mn": 0.61,
        "Si": 0.3,
        "P": 0.015,
        "S": 0.008,
        "Cr": 0.535,
        "Mo": 0.0,
        "V": 0.0,
        "Ni": 0.05,
        "W": 0.0,
        "Ce": 0.0,
        "La": 0.0,
        "Ca": 0.0,
        "Co": 0.0,
        "Nb": 0.0,
        "Ti": 0.0,
        "B": 0.0,
        "Cu": 0.0,
        "Sr": 0.0,
        "Se": 0.0,
        "Na": 0.0,
        "Hg": 0.0,
        "Cd": 0.0,
        "Ag": 0.0,
        "As": 0.0,
        "Bi": 0.0,
        "Zn": 0.0,
        "Sb": 0.0,
        "Sn": 0.0,
        "Pb": 0.0,
        "Fe": 0.0,
        "N": 0.0,
        "O": 0.0,
        "H": 0.0,
        "Mg": 0.0,
        "热处理1": 1.0,
        "热处理2": 0.0,
        "热处理3": 0.0,
        "热处理4": 0.0,
        "渗氮": 0.0,
        "渗碳": 0.0,
        "回火": 0.0,
        "淬火": 0.0,
        "正火": 0.0,
        "退火": 0.0,
        "熔炼方式": 0.0,
        "热加工方式": 0.0,
        "热处理工艺": 0.0,
        "冲击吸收能": 54.0
    }
}
