{"gy_map": {"热处理1": {"0": 0, "1/2硬态": 1, "1000℃ 加热 + 180℃ 等温 1h   空冷 + 600℃": 2, "1000℃ 固溶(水冷)+(-70~-80℃)2 hr 冷处理": 3, "1050~1080℃ 固溶 + 950℃ 空冷 + (-70℃)2h + 400℃": 4, "1050℃   40分 (空冷) + (-78℃)  4h 冷处理": 5, "1050℃ 30分(空冷) + (-78℃)* 0.25h + 530℃ *2h 空冷 co": 6, "1050℃ 固溶 + (-78℃)冷处理": 7, "1050℃ 固溶 + 8%  冷变形": 8, "1050℃ 固溶 +14%  冷变形": 9, "1050℃ 固溶 +24%  冷变形": 10, "1050℃ 固溶 +43%  冷变形": 11, "1050℃ 固溶处理 30分 水冷 或 油冷": 12, "1050℃ 空冷 + 760℃ 1.5h 空冷 到室温后于": 13, "1080℃*4h 空冷 + 900℃*10h 空冷": 14, "1100~1150℃ 固溶": 15, "1100℃ * 20h固溶": 16, "1100℃ 水冷(固溶)": 17, "1120℃*2h 固溶处理 空冷 + 850℃*24h": 18, "1135±10℃*2h 空冷 + 845±10℃*24h <=2h/炉冷": 19, "1150℃*4h 空冷 + 850℃*16h 空冷": 20, "1170℃*0.5h (水冷) + 800℃*16h (空冷)": 21, "1180~1200℃ * 2.5~8h 空冷;1050℃ *4h 空冷;": 22, "1180℃ 水冷 780℃ 时效 8~10h 730℃ 二次 时效 25h.": 23, "1200℃ 锻造  空冷": 24, "1200℃ 锻造  空冷  ;950℃ 正火": 25, "140℃ 16hr 空冷": 26, "140℃ 16hr 空冷 +100℃ 7.5hr 空冷": 27, "140℃ 16hr 空冷 +125℃ 7.5hr 空冷": 28, "160℃ 时效 (14hr)": 29, "160℃ 时效 14hr": 30, "190℃ 空冷": 31, "400~500℃  箱式炉和 800~850℃盐浴炉 预热": 32, "400~500℃ 箱式炉和 800~850℃盐浴炉 预热": 33, "400~500℃ 箱式炉和 800~850℃盐浴炉预热": 34, "400~500℃箱式炉和 800~850℃盐浴炉 预热": 35, "400~500℃箱式炉和800~850℃ 盐浴炉预热": 36, "400~500℃箱式炉和800~850℃盐浴炉 预热": 37, "400~500℃箱式炉和800~850℃盐浴炉预热": 38, "400℃ 时效 60分": 39, "540℃ 时效 10000 hr": 40, "550℃ 850℃预热 ;1130℃ 淬火 油冷  650℃*2hr": 41, "550℃ 箱式炉 850℃": 42, "550℃ 箱式炉预热  850℃ 盐浴": 43, "550℃ 箱式炉预热 850℃ 盐浴炉": 44, "650℃ 时效 1000h": 45, "650℃ 时效 3000h": 46, "800℃ 时效 10h": 47, "830℃ 炉冷至700℃  等温 8h  炉冷至< 500℃ 空冷": 48, "850~870℃ 油冷   690℃* 5h ; 850~870℃ 油冷  ": 49, "860℃ 碳氮共渗 油冷 190℃ 回火 空冷.": 50, "860℃碳氮共渗 油冷": 51, "880℃ 加热  450℃ 等温 20分  油冷": 52, "880℃ 加热 + 320℃ 等温 20分   油冷": 53, "880℃ 加热 + 370℃ 等温 20分  油冷": 54, "880℃ 加热 + 410℃ 等温 20分  油冷": 55, "880℃ 加热 +500℃  等温 20分  油冷": 56, "880℃ 碳氮共渗 油冷": 57, "880℃ 碳氮共渗 油冷 -60℃ 冷处理 ": 58, "890℃ 加热 230℃ 等温+250℃ 回火 空冷": 59, "890℃ 加热 270℃ 等温+310℃ 回火 空冷": 60, "900℃ 加热    280℃  等温 1h": 61, "900℃ 加热 + 200℃ 等温 + 220℃ 回火": 62, "900℃ 加热 + 340℃ 等温 1h": 63, "900℃ 加热 180℃ 等温 + 200℃ 回火": 64, "900℃ 加热 180℃ 等温 + 230℃ 回火": 65, "900℃ 加热 220℃ 等温+ 250℃ 回火  空冷": 66, "900℃ 加热 230℃ 等温+ 220℃ 回火  空冷": 67, "920℃ 伪 渗碳 8h  +840℃ 淬火 (油冷)": 68, "920℃ 伪渗碳 8h   + 830~840℃ 淬火(油冷 )": 69, "920℃ 伪渗碳 8h  (空冷)+ 850℃ 淬火": 70, "920℃ 伪渗碳 8h +  840℃ 淬火(油冷)": 71, "920℃ 伪渗碳 8h + 800~810℃ 淬火(油冷)": 72, "920℃ 伪渗碳 8h+840℃ 淬火 (油冷) 两次": 73, "940±10℃ 渗碳 6-7h 860-880℃ 油淬 ": 74, "940℃ 伪 渗碳 8h + 810℃ 淬火 (油冷)": 75, "970℃* 8h 伪 渗碳 (油冷 ) + 150℃ 回火": 76, "970℃* 8h 伪 渗碳 (油冷) + 150℃ 回火": 77, "CH: 1050~1080℃固溶(水冷 或 空冷)+ 冷处理": 78, "RH450": 79, "RH500~510": 80, "RH550": 81, "RH600": 82, "RH: 1050~1080℃固溶(水冷 或 空冷)+950℃(空冷)": 83, "TH: 1050~1080℃固溶(水冷 或 空冷)+760℃(空冷": 84, "不处理": 85, "二次高温回火 (580℃ 6h 650℃ 6h)+二次": 86, "人工时效 175℃ 10h": 87, "余热淬火   670℃* 10h + 670℃* 8.5h + 690℃": 88, "余热淬火  670℃* 5h+670℃* 4h 二次": 89, "供货状态": 90, "冷轧": 91, "固溶处理": 92, "固溶处理 1000℃ 20' 油冷": 93, "固溶处理 1050℃ 20' 水冷": 94, "固溶处理 1050℃ 20' 油冷": 95, "固溶处理 1080℃ 30' 水冷": 96, "固溶处理 1100℃ 20' 水冷": 97, "固溶处理 1100℃ 20' 油冷": 98, "固溶处理 1100℃ 20' 油冷 时效 700℃": 99, "固溶处理 1120℃  20' 水冷": 100, "固溶处理 1130℃ 20' 水冷": 101, "固溶处理 1140℃ 30' 水冷": 102, "固溶处理 1150℃ 20' 油冷": 103, "固溶处理 1150℃ 20' 油冷 时效 750℃": 104, "固溶处理 1150℃ 30' 水冷": 105, "固溶处理 1170℃  20' 水冷": 106, "固溶处理 1170℃  60' 水冷": 107, "固溶处理 1170℃ 20' 水冷": 108, "固溶处理 1170℃ 30' 水冷": 109, "固溶处理 1200℃ 20' 水冷": 110, "固溶处理 1200℃ 20' 水冷 时效 800": 111, "固溶处理 1200℃ 20' 油冷": 112, "固溶处理 1200℃ 20' 油冷 时效 800℃": 113, "固溶处理 1230℃ 20' 水冷": 114, "固溶处理1000℃/2h 空冷 +620℃/2h 空冷": 115, "固溶处理:1170-1175℃ 45分 水冷": 116, "固溶热处理 1040℃ 1(h) 空冷": 117, "固溶热处理 535℃ 6h 水冷": 118, "最终 锻造 温度 :980℃": 119, "未退火": 120, "正火+回火": 121, "消除应力:630℃ 10h 炉冷": 122, "消除应力:640℃ 10h 炉冷": 123, "淬火 880℃ 油冷+780℃ 油冷": 124, "淬火 900℃ 油冷+870℃ 油冷": 125, "淬火前 550℃箱式炉预热 ": 126, "淬火前 550℃预热": 127, "淬火后  -78℃ 冷处理  然后回火": 128, "炉温 850℃±10℃  板温 760℃~": 129, "热轧": 130, "热轧 回火 600℃": 131, "热轧+高温 回火": 132, "热轧后 700℃ 回火 8h  空冷": 133, "焊后预热 至 270℃ ": 134, "焊态": 135, "焊态 回火 650℃": 136, "盐浴炉 930℃ *20分 180~190℃ *2h 等温 +": 137, "盐浴炉 930℃ *20分 240~260℃ *2h 等温 +": 138, "盐浴炉 930℃ *20分 240℃ *2h 等温 + 300℃": 139, "盐浴炉 930℃ *20分 280~290℃ *2h 等温 +": 140, "盐浴炉 930℃ *20分 280℃ *2h 等温 + 300℃": 141, "盐浴炉 930℃ *20分 320℃ *2h 等温": 142, "石墨铸造": 143, "砂型 铸造": 144, "砂型铸模": 145, "砂型铸造": 146, "砂型铸锭": 147, "轧制后 1180℃*2h 空冷 1050℃*4h 空冷.": 148, "轧态(固溶)": 149, "软氮化 (540℃ 4h 油冷 淬火)": 150, "退火": 151, "铸态": 152, "铸态: 不热处理": 153, "铸态:不热处理": 154, "铸造": 155, "铸造  (固溶)": 156, "锻造": 157, "锻造 回火 600℃": 158, "锻造: 950℃ *30 分": 159, "锻造: 加热 温度 1220℃ 终锻温度": 160, "锻造后  690℃* 8h 二次 回火": 161, "锻造后空冷 至 800℃  保持 5分;": 162, "预处理:1010℃ 35h 空冷 720℃ 25h 炉冷;": 163, "预处理:1030℃ 18h 空冷 720℃ 21h 炉冷;": 164, "预处理:860℃ 空冷 640℃ 控制冷却": 165, "预热:550℃  850℃ ;1120℃ 淬火(油冷);650℃*2h": 166}, "热处理2": {"(冷轧或冷拉)+480℃时效 (空冷)": 0, "(油冷)+160℃ 回火": 1, "* 10h  回火": 2, "+ 160℃ 回火": 3, "+ 220℃ 回火": 4, "+ 420℃ 1 hr 回火   空冷.": 5, "+ 520℃ 时效": 6, "+ 774℃ 油冷  + 150℃ 回火": 7, "+ 800℃ 油冷 + 150℃ 回火": 8, "+ 830℃ 油冷  + 150℃ 回火": 9, "+(-78℃)冷处理 + 510℃时效(空冷)": 10, "+125℃ 5hr 空冷": 11, "+150℃ 5hr 空冷": 12, "+160℃ 回火": 13, "+590℃/2h 空冷": 14, "+600℃*2h  两次 回火": 15, "+600℃*2hr 两次 回火": 16, "-60℃ 冷处理": 17, "0": 18, "1120℃ 油冷 淬火": 19, "1180℃  快速加热": 20, "1180℃ 油冷 淬火": 21, "15℃ 保温 1.5h   +   600℃ 时效 1.5h(空冷)": 22, "15℃ 保温 1.5h + 500℃时效 1.5h(空冷)": 23, "15℃ 保温 1.5h + 550~570℃ 时效 1.5h(空冷)": 24, "190±10℃ 回火": 25, "280~290℃ 回火": 26, "5h 空冷": 27, "630~650℃* 1.5~2h 回火   空冷": 28, "680℃* 5h + 680℃* 4h 二次 回火": 29, "705±10℃*20h 空冷": 30, "750-760℃ 5h 时效 空冷": 31, "750~800℃ *16h 空冷": 32, "750℃ 时效": 33, "780-800℃ 两次油淬 200℃ 2h 回火": 34, "780℃  随炉冷至 500℃  打开炉门": 35, "800℃*16h 空冷": 36, "815℃ 时效 20h 炉冷到 730℃": 37, "850℃  盐浴炉": 38, "910℃ 空冷 .": 39, "980℃淬火 油冷;650℃*2h +660℃*2h": 40, "cold)+565~570℃ 时效 (空冷)": 41, "三次 + 160℃ 回火": 42, "中间一次时效 590℃ 4(h) 空冷": 43, "人工时效 175℃ 10h": 44, "回火": 45, "回火 (两次 )   水冷": 46, "回火 200℃ 空冷": 47, "时效   空冷": 48, "时效 1h (空冷) -----------RH400": 49, "时效 760℃ 10h 空冷": 50, "时效 处理 760℃   10h  空冷": 51, "时效 处理 760℃  10h 空冷": 52, "最终处理:840℃ 水冷  600±10℃ 炉冷": 53, "淬火 (780℃-830℃)+回火 190℃ 2h": 54, "渗层 1mm": 55, "炉;1030℃淬火 (油冷);610℃*2h +615℃*2h": 56, "焊后 回火 690~710℃": 57, "盐浴炉;1010℃ 淬火 油冷  400℃*2hr+": 58, "调质处理:950℃ 19h 风冷 670℃ 48h 炉冷": 59, "调质处理:955℃ 25h 风冷 680℃ 35h 炉冷": 60}, "热处理3": {"0": 0, "200℃ * 2h * 二次": 1, "300℃ * 2h * 二次": 2, "400℃ * 2h * 二次": 3, "400℃*2hr 两次": 4, "520℃ * 2h * 二次": 5, "540℃ * 2h * 二次": 6, "560℃ * 2h * 二次": 7, "600℃ * 2h * 二次": 8, "630℃ * 2h * 二次": 9, "650℃ * 2h * 二次": 10, "两次": 11, "保温 20h 空冷": 12, "空冷": 13, "锻造比:2": 14, "除应力处理:630℃ 23h 炉冷": 15, "除应力处理:645℃ 20h 炉冷": 16}, "热处理4": {"0": 0}, "渗氮": {"0": 0, "层深 1mm": 1, "软氮化 0.21mm": 2}, "渗碳": {"0": 0, "920  渗碳 油冷": 1, "层深 1mm": 2}, "回火": {"0": 0, "150-180℃ 2h 空冷": 1, "150℃": 2, "160℃": 3, "160℃   120' 空冷": 4, "160℃ 120' 空冷": 5, "180℃": 6, "180℃ 120' 空冷": 7, "180℃ 2h 空冷": 8, "180℃ 2hr": 9, "180℃ 3h": 10, "190℃ 2h": 11, "190℃ 2h 空冷": 12, "200℃": 13, "200℃  2h": 14, "200℃ 120' 空冷": 15, "200℃ 2h 空冷": 16, "200℃ 3h 空冷": 17, "200℃ 60分 空冷": 18, "200℃ 水冷": 19, "200℃ 空冷": 20, "210℃ 3h": 21, "220℃": 22, "220℃ 空冷": 23, "230℃  120' 空冷": 24, "240℃ 3h": 25, "250℃ 空冷": 26, "260℃  120' 空冷": 27, "260℃  2h": 28, "260℃ *2h": 29, "260℃ 120' 空冷": 30, "260℃ 空冷": 31, "270℃": 32, "270℃  空冷": 33, "270℃ 3h": 34, "280~300℃ *2h  (空冷 )": 35, "280~300℃ *2h  (空冷)": 36, "280~300℃* 2h": 37, "280℃ * 2h": 38, "280℃ *2h": 39, "280℃ *4h": 40, "280℃ *6h": 41, "300℃": 42, "300℃ *2h": 43, "300℃ 1.5h 空冷 (两次)": 44, "300℃ 2h 空冷": 45, "300℃ 3h": 46, "300℃ 空冷": 47, "300℃ 空冷 (两次)": 48, "310℃ * 2h": 49, "320℃ 空冷": 50, "340℃ * 2h": 51, "350℃": 52, "350℃ 2h 空冷": 53, "360℃ 空冷": 54, "380℃  回火": 55, "380℃ 2h 空冷": 56, "400~420℃*2h (空冷)": 57, "400℃": 58, "400℃ 1.5h 盐浴炉": 59, "400℃ 2hr 空冷": 60, "400℃ 3h": 61, "400℃ 60 分 空冷": 62, "400℃ 空冷": 63, "440~470℃  水冷": 64, "440℃ 1.5h 盐浴炉": 65, "440℃ 1.5h保温 空冷": 66, "450℃": 67, "450℃  (空冷)": 68, "450℃ 空冷": 69, "460℃ 1h 空冷": 70, "460℃ 2h 油冷": 71, "470℃ 水冷": 72, "480℃  3h 空冷": 73, "480℃ 1.5h 盐浴炉": 74, "480℃ 1.5h保温 空冷": 75, "480℃ 水冷": 76, "480℃ 空冷": 77, "500℃": 78, "500℃   空冷": 79, "500℃  (空冷)": 80, "500℃  2h": 81, "500℃  60' 油冷": 82, "500℃  60--75'  水冷": 83, "500℃ 1.5h 空冷 (两次)": 84, "500℃ 3h": 85, "500℃ 两次": 86, "510℃": 87, "510℃  3h 空冷": 88, "510℃  水冷": 89, "510℃ 空冷": 90, "520℃  2h": 91, "520℃ 3h": 92, "525℃": 93, "530℃": 94, "530℃  2h": 95, "530℃ 1h 三次": 96, "540+-10℃ 1.5h 空冷": 97, "540℃": 98, "540℃  2h": 99, "540℃  水冷": 100, "540℃ 3h": 101, "540℃ 水冷": 102, "550 ℃": 103, "550~585℃": 104, "550℃": 105, "550℃  (空冷)": 106, "550℃ 1h 空冷": 107, "550℃ 2h 空冷": 108, "550℃ 7h 炉冷": 109, "550℃ 水冷": 110, "550℃ 油冷": 111, "550℃ 空冷": 112, "560~650℃": 113, "560℃": 114, "560℃   空冷": 115, "560℃  2h": 116, "560℃  水冷": 117, "560℃ 1.5hr 空冷": 118, "560℃ 1h 空冷": 119, "560℃ 2h 空冷": 120, "560℃ 3h (空冷)": 121, "560℃-620℃ >=90' 水冷": 122, "570℃": 123, "570℃ (两次)": 124, "570℃ 60 分 空冷": 125, "575℃ 14h (空冷)": 126, "580 ℃": 127, "580℃": 128, "580℃ 1.5h 空冷(两次)": 129, "580℃ 30-40' 油冷": 130, "580℃ 3h": 131, "580℃ 6h 空冷": 132, "580℃ 两次": 133, "580℃ 空冷": 134, "590℃": 135, "590℃ (两次)  水冷": 136, "595/550 2h 空冷 两次": 137, "595℃ 2hr 空冷+560℃ 2hr 空冷": 138, "600~610℃": 139, "600±10℃": 140, "600℃": 141, "600℃  (空冷)": 142, "600℃  2h  空冷": 143, "600℃  60--75'  水冷": 144, "600℃ (两次)  水冷": 145, "600℃ (空冷)": 146, "600℃ * 5h": 147, "600℃ 1.5h": 148, "600℃ 1.5h 空冷": 149, "600℃ 1.5h 空冷(两次)": 150, "600℃ 1h 空冷": 151, "600℃ 2h 空冷": 152, "600℃ 3h": 153, "600℃ 6hr": 154, "600℃ 保温 50分 油冷": 155, "600℃ 油冷": 156, "600℃ 空冷": 157, "600℃(空冷) 1.5h 两次": 158, "600℃(空冷) 2h 两次": 159, "600℃/610℃ 两次 空冷": 160, "600℃/655℃ 两次 空冷": 161, "610±10℃": 162, "610℃ 7h 炉冷": 163, "610℃ 7h 空冷": 164, "610℃*2h +600℃*2h": 165, "620℃ 1.5h 空冷(两次)": 166, "620℃ 2h 空冷": 167, "620℃ 4.5hr 空冷": 168, "620℃ 油冷": 169, "620℃ 炉冷": 170, "625℃": 171, "630-650℃": 172, "630℃": 173, "630℃ 5h 炉冷": 174, "630℃ 5h 空冷": 175, "630℃(两次) 水冷": 176, "640~650℃ (水冷)": 177, "640~670℃": 178, "640℃": 179, "640℃ 1.5h 空冷(两次)": 180, "640℃*2hr+620℃*2hr": 181, "640℃/655℃ 2h 空冷 两次": 182, "650~660℃ *(8分/毫米)空冷": 183, "650~660℃* 6h": 184, "650℃": 185, "650℃ * 5h": 186, "650℃ 2h 空冷": 187, "650℃ 3.5h": 188, "650℃ 空冷": 189, "650℃(空冷) 2h 两次": 190, "660℃ 3h": 191, "660℃ 5h 空冷": 192, "665℃ 15h 炉冷": 193, "670℃ *6h+670℃* 6h+690℃* 10h": 194, "670℃ 15h 炉冷": 195, "670℃ 1h 空冷": 196, "670℃ 空冷": 197, "670℃* 5h+670℃* 4h 二次": 198, "670℃* 6h": 199, "670℃/680℃ 2h 空冷 两次": 200, "670℃±10℃": 201, "675℃": 202, "680~690℃ *(8分/毫米)空冷": 203, "680℃": 204, "680℃ 10h": 205, "680℃ 10h 空冷": 206, "680℃ 2h 空冷": 207, "680℃ 3h": 208, "680℃ 3h 700℃ 3h": 209, "680℃ 6h": 210, "680℃ 空冷": 211, "680℃* 10h 空冷": 212, "680℃* 3h +680℃* 3h 二次": 213, "680℃* 5h": 214, "680℃* 6h": 215, "685℃ * 5h": 216, "690℃ 2h 空冷": 217, "690℃ 空冷": 218, "690℃* 5h": 219, "700-750℃": 220, "700℃": 221, "700℃ * 1h  空冷": 222, "700℃ * 5h": 223, "700℃ *6h": 224, "700℃ 10h 空冷": 225, "700℃ 3h 空冷": 226, "700℃ 6h": 227, "700℃ 6h 空冷": 228, "700℃ 7h 空冷": 229, "700℃ 空冷": 230, "700℃(空冷) 2h 两次": 231, "700℃* 6h": 232, "705℃ 7h 空冷": 233, "710℃ 10h": 234, "710℃ 10h 空冷": 235, "710℃ 6h 空冷": 236, "710℃ 空冷": 237, "710℃-740℃ 空冷": 238, "720±10℃": 239, "720℃": 240, "720℃ 10h": 241, "720℃ 2h 空冷": 242, "720℃ 3h": 243, "720℃ 6h": 244, "720℃ 空冷": 245, "720℃* 6h": 246, "730-780℃ 60'": 247, "730℃ * 1h  空冷": 248, "730℃ 空冷": 249, "740℃": 250, "740℃ 3h": 251, "740℃ 6h": 252, "750℃": 253, "750℃  (空冷)": 254, "750℃ * 1h  空冷": 255, "760℃": 256, "760℃     60 分 (空冷": 257, "760℃     90 分 (空冷": 258, "760℃    120 分 (空冷": 259, "760℃  30~36 分 (空冷": 260, "760℃ * 3h": 261, "760℃ 5h": 262, "760℃ 60 分": 263, "770℃": 264, "770℃ (3h)": 265, "770℃ (3hr)": 266, "770℃ * 3h": 267, "770℃ 3h 空冷": 268, "790℃ * 3h": 269, "800℃": 270, "800℃  (水冷)": 271}, "淬火": {"0": 0, "1000℃     空冷": 1, "1000℃   水冷": 2, "1000℃ (油冷)": 3, "1000℃ *45分": 4, "1000℃ 30' 油冷": 5, "1000℃ 油冷": 6, "1020℃ 油冷": 7, "1020℃(油冷)": 8, "1025℃ 90' 水冷": 9, "1030℃": 10, "1030℃ (油冷)": 11, "1030℃ 2h 水冷": 12, "1030℃ 二次": 13, "1030℃ 油冷": 14, "1040℃ 油冷": 15, "1050℃": 16, "1050℃  油冷": 17, "1050℃ *20分  油冷": 18, "1050℃ 2h 油冷": 19, "1050℃ 40' 油冷": 20, "1050℃ 水冷": 21, "1050℃ 油冷": 22, "1050℃ 空冷": 23, "1050℃ 空冷 或 水冷": 24, "1050℃; 980℃ (油冷)": 25, "1060~1080℃ (油冷)": 26, "1060℃ 油冷": 27, "1060℃(油冷)": 28, "1070℃ 水冷": 29, "1070℃ 空冷": 30, "1075℃ 油冷": 31, "1080-1130℃ 水冷": 32, "1080℃ *20分  油冷": 33, "1080℃ 水冷": 34, "1080℃ 油冷": 35, "1080℃(油冷)": 36, "1100-1150℃ 油冷": 37, "1100℃     空冷": 38, "1100℃   水冷": 39, "1100℃  (水冷)": 40, "1100℃ (油冷)": 41, "1100℃ 油冷": 42, "1125℃ 油冷": 43, "1150℃ 水冷": 44, "1150℃ 油冷": 45, "1160~1190℃  水冷": 46, "1175℃* 30分 (水冷)": 47, "1200℃     空冷": 48, "1200℃   水冷": 49, "1200℃ 水冷": 50, "1200℃ 油冷": 51, "1220℃* 5 分 (水冷)": 52, "470℃ 水冷": 53, "500℃ (水冷)": 54, "500℃ 水冷": 55, "515℃ 水冷": 56, "550-620℃ 空冷": 57, "780-810℃": 58, "800~820℃*25分 (油冷)": 59, "810℃ 水冷": 60, "810℃ 油冷": 61, "820-830℃ 油冷": 62, "820℃   油冷": 63, "820℃ 0.5h 水冷": 64, "820℃ 40分(水冷)": 65, "820℃ 油冷": 66, "820℃-850℃ 40' 水冷": 67, "830~850℃ 油冷": 68, "830℃  油冷": 69, "830℃ 7分 油冷": 70, "830℃ 水冷": 71, "830℃ 油冷": 72, "840~870℃ 油冷": 73, "840±10℃(油冷-空冷-油冷)": 74, "840℃   油冷": 75, "840℃ (油冷)": 76, "840℃ 0.5h 水冷": 77, "840℃ 3h (油冷)": 78, "840℃ 水冷": 79, "840℃ 油冷": 80, "850~870℃ 油冷": 81, "850℃   50'   油冷": 82, "850℃  (油冷)": 83, "850℃  25' 油冷": 84, "850℃  45' 油冷": 85, "850℃ (水冷)": 86, "850℃ (油冷)": 87, "850℃ 0.5h 水冷": 88, "850℃ 2h 油冷": 89, "850℃ 7分 油冷": 90, "850℃ 油冷": 91, "860+-10℃ 1h 水冷": 92, "860℃  风冷": 93, "860℃ 30' 油冷": 94, "860℃ 40' 油冷": 95, "860℃ 780℃ 两次  40' 油冷": 96, "860℃ 780℃ 两次 40' 油冷": 97, "860℃ 水冷": 98, "860℃ 油冷": 99, "860℃+ 800~820℃ (油冷)": 100, "865-885℃ 油冷": 101, "870℃    油冷": 102, "870℃  风冷": 103, "870℃ (油冷)": 104, "870℃ 0.5h 油冷": 105, "870℃ 30' 油冷": 106, "870℃ 40分 油冷": 107, "870℃ 油冷": 108, "875℃  空冷": 109, "875℃ 30分 空冷": 110, "880℃": 111, "880℃    油冷": 112, "880℃  (油冷)": 113, "880℃  水冷": 114, "880℃ 1h 油冷": 115, "880℃ 2h 油冷": 116, "880℃ 30 分 油冷": 117, "880℃ 30-45' 油冷": 118, "880℃ 保温 35 分 油冷": 119, "880℃ 水冷": 120, "880℃ 油冷": 121, "880℃ 空冷 或 油冷": 122, "890℃  (油冷)": 123, "890℃ 10h 水冷": 124, "890℃ 15h 水冷": 125, "890℃ 30 分 空冷": 126, "890℃ 30' 油冷": 127, "890℃ 油冷": 128, "900-1050℃ 空冷": 129, "900℃   油冷": 130, "900℃  水冷": 131, "900℃  油冷": 132, "900℃  空冷": 133, "900℃ (油冷)": 134, "900℃ 30' 油冷+840℃ 30' 油冷": 135, "900℃ 890℃ 两次 油冷": 136, "900℃ 水冷": 137, "900℃ 油冷": 138, "900℃ 油冷+870℃ 油冷": 139, "910℃ 油冷": 140, "920~930℃ *(2.5分/毫米)水冷": 141, "920℃": 142, "920℃   油冷": 143, "920℃ *20分 油冷": 144, "920℃ 180℃ 回火 空冷": 145, "920℃ 300℃ 回火 空冷": 146, "920℃ 油冷": 147, "920℃ 空冷": 148, "930~950℃ (水冷)": 149, "930℃    空冷": 150, "930℃   油冷": 151, "930℃  油冷": 152, "930℃ *20分  油冷": 153, "930℃ 2h 水冷": 154, "930℃ 水冷": 155, "930℃ 水冷 5' 油冷": 156, "930℃ 油冷": 157, "940℃   油冷": 158, "950+/-10℃ 风冷": 159, "950℃": 160, "950℃ * 30分 (水冷)": 161, "950℃ 15分 油冷": 162, "950℃ 油冷": 163, "970℃ 油冷": 164, "970℃* 8h 油冷": 165, "975℃(油冷)": 166, "975℃(空冷)": 167, "980 ℃": 168, "980℃": 169, "980℃ 油冷": 170, "985℃ 30' 油冷": 171, "二次 (780-830℃)": 172, "盐浴 炉 930℃ *20分(油冷": 173, "盐浴炉 930℃ *20分(油冷)": 174, "直接 淬火 810℃": 175, "第一次 880℃ 油冷 第二次 870℃": 176}, "正火": {"0": 0, "1000℃": 1, "1000℃ * 45分": 2, "1000℃ *45分": 3, "1000℃ *45分(堆冷)": 4, "1000℃ 1h": 5, "1020-1070℃ 6'保温": 6, "1030-1060℃ 空冷 980-1000℃ 空": 7, "1030~1050℃": 8, "1030℃ 90' 空冷": 9, "1040℃  960℃  二次": 10, "1045℃": 11, "1050℃": 12, "1050℃ 10分": 13, "1050℃ 40' 空冷": 14, "1050℃ 空冷": 15, "1070℃ 45'": 16, "1080℃ (90分)": 17, "1080℃(60 分)": 18, "1100℃": 19, "1100℃(60 分)": 20, "1100℃(90 分)": 21, "650℃ 空冷": 22, "700℃ * 24h 空冷": 23, "700℃ 空冷": 24, "800℃ 空冷": 25, "820-860℃ 空冷": 26, "840±10℃": 27, "840℃ 1h 空冷": 28, "840℃ 水冷": 29, "850±10℃": 30, "850℃": 31, "850℃  30分 空冷": 32, "850℃ *24h  空冷": 33, "850℃ 空冷": 34, "850℃-900℃": 35, "875℃": 36, "880-910℃ 空冷": 37, "880℃": 38, "880℃ 1h 空冷": 39, "880℃ 45分 空冷": 40, "890℃ 2h 空冷": 41, "890℃ 空冷": 42, "900-910℃  3h  风冷": 43, "900-960℃": 44, "900℃": 45, "900℃  8分 空冷": 46, "900℃ 2h": 47, "900℃ 4h 空冷": 48, "900℃ 空冷": 49, "910℃ 3h   雾冷": 50, "915℃ 空冷": 51, "920~930℃ *(2.5分/毫米)空冷": 52, "920℃": 53, "920℃ 1.5h 空冷": 54, "920℃ 2.5hr 空冷": 55, "920℃ 45' 空冷": 56, "920℃ 空冷": 57, "925℃": 58, "930~950℃": 59, "930℃": 60, "930℃  2h  空冷": 61, "930℃ 40'": 62, "950±10℃ + 940±10℃": 63, "950℃": 64, "950℃ 45'": 65, "950℃ 空冷": 66, "960℃±10℃(风冷)": 67, "980℃": 68, "980℃ 18h 空冷": 69, "980℃ 2h 空冷": 70, "985℃ 45'": 71, "盐浴 炉 940℃ *20分": 72}, "退火": {"0": 0, "1000℃": 1, "150~300℃*2~3h  (空冷)": 2, "500℃-700℃": 3, "600-700℃": 4, "650℃  2hr  (炉冷)": 5, "680~690℃ 炉冷": 6, "690+/-10℃ 炉冷": 7, "690~710℃  炉冷": 8, "700℃  2hr (炉冷)": 9, "740℃ 1h 炉冷": 10, "820-850℃": 11, "880℃": 12, "900℃  (炉冷)": 13, "900℃ 4.5h 650℃ 出炉": 14, "920℃": 15, "920℃ 4.5h 650℃ 出炉": 16, "930℃ 2h": 17, "940℃ 3.5h 650℃ 出炉": 18, "950℃": 19, "不处理": 20}, "熔炼方式": {"0": 0}, "热加工方式": {"0": 0}, "热处理工艺": {"0": 0}}, "xn": "伸长率5", "max": {"C": 4.0, "Mn": 18.0, "Si": 11.91, "P": 0.07, "S": 0.091, "Cr": 29.5, "Mo": 6.0, "V": 1.92, "Ni": 63.464, "W": 9.0, "Ce": 0.02, "La": 0.0, "Ca": 0.0035, "Co": 19.88, "Nb": 0.96, "Ti": 3.2, "B": 0.03, "Cu": 99.9, "Sr": 0.0, "Se": 0.0, "Na": 0.0, "Hg": 0.0, "Cd": 0.0, "Ag": 0.002, "As": 0.13, "Bi": 0.088, "Zn": 37.75, "Sb": 15.9, "Sn": 99.58, "Pb": 99.51, "Fe": 50.77, "N": 0.4, "O": 0.08, "H": 0.00026, "Mg": 2.4, "热处理1": 166.0, "热处理2": 60.0, "热处理3": 16.0, "热处理4": 0.0, "渗氮": 2.0, "渗碳": 2.0, "回火": 271.0, "淬火": 176.0, "正火": 72.0, "退火": 20.0, "熔炼方式": 0.0, "热加工方式": 0.0, "热处理工艺": 0.0, "伸长率5": 99.99}, "min": {"C": 0.0, "Mn": 0.0, "Si": 0.0, "P": 0.0, "S": 0.0, "Cr": 0.0, "Mo": 0.0, "V": 0.0, "Ni": 0.0, "W": 0.0, "Ce": 0.0, "La": 0.0, "Ca": 0.0, "Co": 0.0, "Nb": 0.0, "Ti": 0.0, "B": 0.0, "Cu": 0.0, "Sr": 0.0, "Se": 0.0, "Na": 0.0, "Hg": 0.0, "Cd": 0.0, "Ag": 0.0, "As": 0.0, "Bi": 0.0, "Zn": 0.0, "Sb": 0.0, "Sn": 0.0, "Pb": 0.0, "Fe": 0.0, "N": 0.0, "O": 0.0, "H": 0.0, "Mg": 0.0, "热处理1": 0.0, "热处理2": 0.0, "热处理3": 0.0, "热处理4": 0.0, "渗氮": 0.0, "渗碳": 0.0, "回火": 0.0, "淬火": 0.0, "正火": 0.0, "退火": 0.0, "熔炼方式": 0.0, "热加工方式": 0.0, "热处理工艺": 0.0, "伸长率5": 0.12}, "median": {"C": 0.2, "Mn": 0.64, "Si": 0.31, "P": 0.017, "S": 0.011, "Cr": 1.75, "Mo": 0.3, "V": 0.0, "Ni": 0.16, "W": 0.0, "Ce": 0.0, "La": 0.0, "Ca": 0.0, "Co": 0.0, "Nb": 0.0, "Ti": 0.0, "B": 0.0, "Cu": 0.0, "Sr": 0.0, "Se": 0.0, "Na": 0.0, "Hg": 0.0, "Cd": 0.0, "Ag": 0.0, "As": 0.0, "Bi": 0.0, "Zn": 0.0, "Sb": 0.0, "Sn": 0.0, "Pb": 0.0, "Fe": 0.0, "N": 0.0, "O": 0.0, "H": 0.0, "Mg": 0.0, "热处理1": 0.0, "热处理2": 18.0, "热处理3": 0.0, "热处理4": 0.0, "渗氮": 0.0, "渗碳": 0.0, "回火": 3.0, "淬火": 0.0, "正火": 0.0, "退火": 0.0, "熔炼方式": 0.0, "热加工方式": 0.0, "热处理工艺": 0.0, "伸长率5": 19.0}}