{"gy_map": {"热处理1": {"0": 0}, "热处理2": {"0": 0}, "热处理3": {"0": 0}, "热处理4": {"0": 0}, "渗氮": {"0": 0}, "渗碳": {"0": 0}, "回火": {"0": 0}, "淬火": {"0": 0}, "正火": {"0": 0}, "退火": {"0": 0}, "熔炼方式": {"电渣": 0, "电炉+LF+VD": 1, "电炉+LF+VD+电渣": 2}, "热加工方式": {"热轧": 0, "轧制": 1, "锻制": 2, "锻造": 3}, "热处理工艺": {"予硬化": 0, "退火": 1, "预硬": 2}}, "xn": "密度", "max": {"C": 0.52, "Mn": 1.74, "Si": 1.15, "P": 0.024, "S": 0.009, "Cr": 13.92, "Mo": 1.39, "V": 1.0, "Ni": 3.32, "W": 0.0, "Ce": 0.0, "La": 0.0, "Ca": 0.0, "Co": 0.0, "Nb": 0.0, "Ti": 0.0, "B": 0.0, "Cu": 0.0, "Sr": 0.0, "Se": 0.0, "Na": 0.0, "Hg": 0.0, "Cd": 0.0, "Ag": 0.0, "As": 0.0, "Bi": 0.0, "Zn": 0.0, "Sb": 0.0, "Sn": 0.0, "Pb": 0.0, "Fe": 0.0, "N": 0.0, "O": 0.0, "H": 0.0, "Mg": 0.0, "热处理1": 0.0, "热处理2": 0.0, "热处理3": 0.0, "热处理4": 0.0, "渗氮": 0.0, "渗碳": 0.0, "回火": 0.0, "淬火": 0.0, "正火": 0.0, "退火": 0.0, "熔炼方式": 2.0, "热加工方式": 3.0, "热处理工艺": 2.0, "密度": 7800.0}, "min": {"C": 0.14, "Mn": 0.25, "Si": 0.13, "P": 0.0, "S": 0.0, "Cr": 0.0, "Mo": 0.0, "V": 0.0, "Ni": 0.0, "W": 0.0, "Ce": 0.0, "La": 0.0, "Ca": 0.0, "Co": 0.0, "Nb": 0.0, "Ti": 0.0, "B": 0.0, "Cu": 0.0, "Sr": 0.0, "Se": 0.0, "Na": 0.0, "Hg": 0.0, "Cd": 0.0, "Ag": 0.0, "As": 0.0, "Bi": 0.0, "Zn": 0.0, "Sb": 0.0, "Sn": 0.0, "Pb": 0.0, "Fe": 0.0, "N": 0.0, "O": 0.0, "H": 0.0, "Mg": 0.0, "热处理1": 0.0, "热处理2": 0.0, "热处理3": 0.0, "热处理4": 0.0, "渗氮": 0.0, "渗碳": 0.0, "回火": 0.0, "淬火": 0.0, "正火": 0.0, "退火": 0.0, "熔炼方式": 0.0, "热加工方式": 0.0, "热处理工艺": 0.0, "密度": 7690.0}, "median": {"C": 0.4, "Mn": 0.61, "Si": 1.0, "P": 0.011, "S": 0.002, "Cr": 5.26, "Mo": 0.24, "V": 0.27, "Ni": 0.26, "W": 0.0, "Ce": 0.0, "La": 0.0, "Ca": 0.0, "Co": 0.0, "Nb": 0.0, "Ti": 0.0, "B": 0.0, "Cu": 0.0, "Sr": 0.0, "Se": 0.0, "Na": 0.0, "Hg": 0.0, "Cd": 0.0, "Ag": 0.0, "As": 0.0, "Bi": 0.0, "Zn": 0.0, "Sb": 0.0, "Sn": 0.0, "Pb": 0.0, "Fe": 0.0, "N": 0.0, "O": 0.0, "H": 0.0, "Mg": 0.0, "热处理1": 0.0, "热处理2": 0.0, "热处理3": 0.0, "热处理4": 0.0, "渗氮": 0.0, "渗碳": 0.0, "回火": 0.0, "淬火": 0.0, "正火": 0.0, "退火": 0.0, "熔炼方式": 0.0, "热加工方式": 1.0, "热处理工艺": 1.0, "密度": 7750.0}}