Hz_1,Hz_2,Hz_3,u_1,u_2,u_3,widths_1,widths_2,widths_3,width_heights_1,width_heights_2,width_heights_3,prominences_1,prominences_2,prominences_3,minRL
2.76,4.16,13.48,0.472871,0.471713,0.364393,15.186610523132027,33.7219976154894,16.23343259092769,0.45619749999999987,0.449664357142857,0.3584127857142856,0.02932157142857139,0.04405071428571422,0.012694428571428551,-13.9129
2.76,4.28,16.56,0.427907,0.438294,0.395466,14.88203597403787,77.88461997892793,46.42149104762012,0.41226407142857135,0.41017142857142846,0.3762741428571428,0.026705000000000034,0.054119428571428485,0.03990371428571432,-17.9595
2.76,4.28,13.56,0.466773,0.461463,0.310295,18.34244289386507,25.275770996554066,14.194454740630476,0.43866635714285707,0.439073357142857,0.30510285714285706,0.04970785714285714,0.04306242857142856,0.012490000000000001,-15.0066
2.76,4.28,15.16,0.486485,0.486566,0.301546,16.2488317100103,30.909793725362697,14.649732282611296,0.46784521428571413,0.46537264285714275,0.2952564999999999,0.03259728571428572,0.04069528571428571,0.011042714285714295,-13.5033
2.76,4.28,13.64,0.363091,0.364473,0.29928,16.93056379221614,74.52407769618817,17.065210131447316,0.34026357142857133,0.3404057142857142,0.2918238571428571,0.040191714285714275,0.046953142857142804,0.016407428571428573,-11.8328
2.72,4.16,13.64,0.352459,0.349756,0.266607,17.055822069704853,25.95742030543817,24.948276291012974,0.3325026428571428,0.33127828571428564,0.25817442857142847,0.039545,0.03520342857142861,0.01756514285714289,-9.082
2.72,4.16,15.16,0.365387,0.373403,0.267431,15.881149013668388,74.72331452770729,21.058329130188724,0.3499506428571428,0.3493164285714285,0.2623512857142856,0.03281928571428572,0.04699400000000009,0.008950571428571363,-17.1732
4.16,9.96,14.76,0.34929,0.36658,0.658915,72.54318969009921,12.548723533461441,43.273817167499715,0.3265266428571428,0.3285894285714285,0.46754471428571415,0.04395842857142862,0.06666400000000006,0.3734642857142857,-23.6706
2.76,4.28,15.16,0.395483,0.409232,0.323241,14.680764432271436,97.25934036611396,18.783682588847853,0.38055385714285705,0.3765787857142856,0.31320728571428563,0.026433428571428552,0.0639398571428571,0.018203428571428537,-12.2271
2.76,4.2,13.56,0.38482,0.389824,0.299668,15.729692746585307,70.90707086084866,18.836361173963382,0.3621007142857142,0.3600830714285713,0.2908709285714285,0.03823228571428566,0.052098428571428546,0.018822714285714248,-11.3395
2.84,6.08,16.72,0.44655,0.498411,0.239002,12.213751446024595,107.12351411442313,16.45435143920264,0.4331124999999999,0.43882442857142845,0.2347085,0.018674999999999997,0.11669714285714283,0.011914428571428576,-12.8772
2.76,6.08,15.08,0.465242,0.502574,0.303935,12.16492226064209,106.11818782391225,15.66825021059526,0.4504035714285713,0.450285357142857,0.2975334999999999,0.023105714285714174,0.1030618571428572,0.012391857142857177,-14.5072
2.76,6.2,15.16,0.354818,0.370023,0.300049,14.952254636774589,104.1748467097248,20.171294515393356,0.33756335714285707,0.3366003571428571,0.2914701428571428,0.03015100000000004,0.06474585714285713,0.015775428571428607,-10.5824
2.72,4.2,15.16,0.461715,0.468831,0.301196,15.46151929748598,47.10462814030547,17.050461645769246,0.4449220714285713,0.44103649999999994,0.2949741428571428,0.03365157142857145,0.05108328571428572,0.010908571428571379,-14.634
2.72,6.28,10.4,0.419782,0.439753,0.647478,15.287983516093965,17.569168341309535,58.95331016270282,0.4028472142857142,0.4354660714285713,0.5097089999999999,0.03293899999999994,0.012207571428571429,0.2739891428571428,-16.6905
2.76,4.32,15.6,0.44336,0.460859,0.289672,15.256896845713149,80.49277574178745,20.760577440899283,0.42414635714285703,0.4252894999999999,0.28171771428571424,0.033275000000000055,0.07215271428571429,0.01479457142857149,-17.8511
3.52,12.24,14.76,0.4735,0.2235,0.2058,37.87339349193337,5.472222222222371,17.66279069767438,0.4478357142857141,0.22155714285714279,0.20341428571428566,0.04241428571428568,0.001028571428571462,0.0020000000000000018,-17.7841
3.56,8.4,15.48,0.3696,0.2585,0.1415,36.02175672940696,6.376838235294144,28.288949275362256,0.3482428571428571,0.2569428571428571,0.13602142857142854,0.048142857142857154,0.0011142857142857343,0.00904285714285713,-10.583
3.72,8.36,13.64,0.4357,0.3286,0.2239,45.744047619047436,10.083783783783957,15.058743169398952,0.40435714285714275,0.32775714285714275,0.22132857142857137,0.06762857142857143,0.002514285714285691,0.0057142857142856995,-10.3726
3.64,8.4,13.64,0.5003,0.403,0.3432,37.91216601498867,14.999473684210557,50.03225806451616,0.46866428571428553,0.40049285714285704,0.33745714285714273,0.05595714285714276,0.003414285714285703,0.01165714285714281,-14.5407
3.52,12.6,14.88,0.4443,0.3068,0.3099,35.377068014705856,26.612534489554633,46.12857142857172,0.4200642857142856,0.3029357142857142,0.3037571428571427,0.04252857142857147,0.0061571428571428055,0.00954285714285713,-11.7527
3.48,6.16,13.64,0.3681,0.3578,0.3002,110.34584998605817,25.118181818181753,14.691176470588687,0.3376714285714285,0.3518714285714285,0.2980642857142856,0.06214285714285711,0.011571428571428566,0.0025285714285714356,-9.9096
3.48,5.6,12.68,0.3436,0.3252,0.2719,45.09579772079775,22.36153846153853,30.440000000000055,0.3207714285714285,0.3202357142857142,0.26564285714285707,0.047599999999999976,0.006185714285714239,0.011628571428571433,-7.9794
3.44,5.96,12.64,0.3625,0.3411,0.2752,99.46761080514028,20.97703035274823,11.706043956043573,0.32924285714285706,0.33589999999999987,0.2738142857142857,0.06588571428571427,0.0064571428571428835,0.002085714285714302,-8.7048
4.44,8.88,13.36,0.4334,0.4101,0.3612,101.93646549528903,34.98348684756448,43.00952380952384,0.3856285714285713,0.39527857142857137,0.34102857142857135,0.08979999999999994,0.02889999999999998,0.04477142857142852,-12.4248
3.56,6.04,12.6,0.3725,0.3583,0.3027,131.53117505995192,30.410000000000096,22.248949579831617,0.3335928571428571,0.35555714285714274,0.2998071428571428,0.07332857142857141,0.005800000000000027,0.004642857142857115,-10.9511
3.68,8.6,13.56,0.4081,0.3603,0.3065,98.76125605106459,24.21821475625825,19.43297101449275,0.36700714285714275,0.3560642857142856,0.30404999999999993,0.08358571428571426,0.007185714285714351,0.002757142857142847,-10.7852
3.72,5.8,12.6,0.4726,0.4669,0.3783,112.43351898734176,27.475909090909028,24.349588719153815,0.4330857142857142,0.46449285714285704,0.37399999999999994,0.08539999999999992,0.009157142857142808,0.006371428571428583,-13.6758
2.72,4.16,14.24,0.2199,0.22,0.1435,5.496002480093995,13.332568027210861,15.203734287116362,0.20924999999999994,0.19817857142857137,0.11902142857142853,0.010214285714285704,0.03710000000000002,0.048014285714285676,-51.9918
2.72,4.24,16.96,0.2014,0.2004,0.0372,5.970744680851064,11.652199186204236,8.652397508329699,0.1912928571428571,0.17962142857142852,0.030899999999999993,0.011242857142857138,0.03344285714285716,0.009314285714285712,-4.3004
2.72,4.16,16.8,0.1964,0.1947,0.0426,6.075523248780092,10.708993497573037,8.257786052809735,0.18632142857142853,0.17692857142857138,0.034714285714285704,0.011528571428571416,0.03031428571428571,0.011399999999999993,-10.7387
4.24,15.04,16.8,0.1761,0.0313,0.0347,11.832704105710238,9.67105313183157,9.61292356185973,0.15945714285714283,0.019721428571428563,0.026749999999999993,0.027114285714285702,0.020642857142857136,0.012214285714285712,-7.3096
2.72,4.16,16.8,0.1858,0.1809,0.0494,5.652070393374738,10.858049843646363,6.879736666797271,0.17602142857142852,0.16071428571428567,0.04052142857142856,0.01072857142857142,0.03428571428571431,0.014528571428571432,-14.4372
2.72,4.16,16.8,0.1926,0.1895,0.0448,5.934507381258012,10.385345804988656,8.29385992462312,0.18243571428571426,0.17016428571428568,0.035664285714285704,0.011928571428571427,0.03195714285714285,0.013185714285714287,-3.4319
2.64,4.16,16.88,0.1784,0.1718,0.0434,5.620936639118451,9.89982872522631,9.94261442441055,0.1726428571428571,0.15800714285714285,0.03687142857142856,0.006685714285714295,0.02324285714285715,0.010428571428571426,-3.8984
2.72,4.24,16.88,0.1705,0.1696,0.0484,5.987352048882609,11.630217925107441,7.9594615624027085,0.16118571428571427,0.15109999999999996,0.04308571428571428,0.01077142857142857,0.029828571428571427,0.007857142857142861,-3.3292
4.24,13.68,16.56,0.2061,0.1364,0.1488,12.464633663366357,9.562572099978638,14.004466519386341,0.18704285714285707,0.1266928571428571,0.12114999999999997,0.0319142857142857,0.015385714285714266,0.053299999999999986,-37.6561
4.16,15.12,16.88,0.2205,0.0794,0.0787,10.813660593138216,8.562780026990538,7.288549583371491,0.19787857142857135,0.0701142857142857,0.06977857142857141,0.03835714285714284,0.014514285714285702,0.014042857142857149,-21.4942
4.16,10.16,16.96,0.1636,0.0959,0.0688,10.823628016839066,6.838624338624328,15.208612440191388,0.14856428571428568,0.09022857142857141,0.060885714285714265,0.025728571428571434,0.006285714285714283,0.013285714285714283,-26.9308
4.32,10.56,17.12,0.1628,0.1097,0.0719,11.980220955096218,9.845086831470496,10.352255431022542,0.1465928571428571,0.0978285714285714,0.0651642857142857,0.02775714285714287,0.01937142857142854,0.011871428571428588,-4.391
4.08,10.16,15.44,0.1975,0.124,0.0982,9.908210007047206,7.375257731958769,6.068426371797159,0.1802285714285714,0.11747142857142853,0.09273571428571425,0.026485714285714307,0.007771428571428554,0.005214285714285713,-12.3024
4.08,10.16,12.72,0.1937,0.1293,0.1214,9.668488160291446,8.599387156941091,9.466018884497146,0.1740571428571428,0.12065714285714284,0.11617857142857141,0.029457142857142876,0.011200000000000015,0.0087,-13.0498
4.16,12.4,15.84,0.199,0.41,0.076,10.159243262698517,12.183305551756362,8.708038379530933,0.18017142857142854,0.2367214285714285,0.06587857142857141,0.03062857142857142,0.27295714285714273,0.014242857142857147,-11.8536
4.08,10.16,12.72,0.186,0.1335,0.1224,10.068504410130842,8.744446170576353,8.975738916256148,0.16597857142857136,0.12578571428571425,0.11754999999999997,0.029985714285714254,0.010800000000000018,0.00867142857142858,-3.534
4.24,10.16,17.04,0.1849,0.1418,0.1315,12.356417910447771,8.695247933884303,9.938656987295815,0.16927142857142852,0.1356142857142857,0.12456428571428568,0.02419999999999997,0.007885714285714301,0.010414285714285695,-4.6647
4.16,8.64,10.16,0.1646,0.123,0.1039,9.952922690132002,5.833011583011569,9.672570850202419,0.14808571428571424,0.11679999999999997,0.0964642857142857,0.027542857142857147,0.006371428571428611,0.010414285714285723,-8.5267
4.08,10.16,16.96,0.1592,0.1255,0.1217,9.913568123116665,10.646796431467948,9.544097222222234,0.1414928571428571,0.11691428571428569,0.10836428571428569,0.02692857142857144,0.011971428571428563,0.018614285714285708,-3.3093
4.16,8.72,10.32,0.1841,0.1687,0.1632,10.646769960206573,7.3825813609467446,17.49123433285736,0.16749999999999998,0.16194999999999996,0.15472142857142854,0.02808571428571427,0.011699999999999988,0.012557142857142878,-5.1275
4.16,6.4,10.32,0.1987,0.1966,0.2033,7.110331632653075,25.921992481203034,53.62404181184668,0.18557857142857137,0.1857071428571428,0.17895714285714281,0.01821428571428571,0.02058571428571429,0.04479999999999998,-4.2436
2.8,4.16,10.32,0.4703,0.4836,0.3283,8.75540634453437,9.256356325234993,8.811235777496847,0.43915714285714275,0.4427357142857141,0.30692857142857133,0.04448571428571435,0.06287142857142852,0.03448571428571434,-1.9529
10.4,12.0,15.04,0.0593,0.027,0.0071,8.884777112529619,11.095928611266046,8.547973213227465,0.030114285714285705,0.011921428571428569,-0.012521428571428569,0.044542857142857134,0.027014285714285706,0.02892857142857142,-1.544
10.48,12.08,15.12,0.0802,0.0654,0.0674,9.261715701245379,14.184755440637787,8.595923284816507,0.049328571428571416,0.043721428571428564,0.04609999999999999,0.04959999999999998,0.03621428571428571,0.030485714285714283,-1.2447
10.4,13.6,15.12,0.1385,0.1353,0.1503,8.472640132347209,10.514794082367047,8.305916849215038,0.10535714285714284,0.11684285714285711,0.12914285714285711,0.04868571428571429,0.031200000000000006,0.03145714285714285,-1.7389
10.48,12.08,15.12,0.1154,0.1024,0.1059,8.776245565649432,15.887640449438209,8.576893769803007,0.07987142857142855,0.07694285714285712,0.07880714285714284,0.05702857142857141,0.04731428571428569,0.038099999999999995,-1.2085
2.72,10.4,15.12,0.4045,0.1497,0.1476,7.509578570976963,9.143758819429095,8.78604080055922,0.38461428571428563,0.12259999999999997,0.1296071428571428,0.02574285714285718,0.0416,0.026585714285714296,-1.8171
2.72,10.4,15.12,0.4025,0.0314,-0.0359,8.005958591209726,7.626816479400745,8.714579251953438,0.3819785714285714,0.008085714285714283,-0.05745714285714284,0.029728571428571382,0.03297142857142856,0.033285714285714266,-1.8676
10.4,13.6,15.12,0.1033,0.1026,0.1162,8.97732234405278,10.245429421768705,9.25164509270843,0.06601428571428569,0.07219285714285713,0.0801785714285714,0.05728571428571427,0.05027142857142856,0.05598571428571425,-1.2702
10.48,12.08,15.2,0.0446,0.029,0.0335,9.226099614947074,13.35208210515033,8.636473266546261,0.012278571428571423,0.007571428571428569,0.012678571428571424,0.05249999999999999,0.037742857142857134,0.03235714285714285,-1.4586
10.4,12.08,15.12,0.1208,0.0978,0.0945,8.985048799828064,12.510439204808122,9.179076956876514,0.0927142857142857,0.07995714285714284,0.07470714285714283,0.04231428571428572,0.029514285714285715,0.029871428571428577,-1.783
10.4,12.08,15.12,0.1192,0.0957,0.0661,7.866672800883322,11.166102514506761,8.35194009530295,0.10056428571428569,0.08054999999999998,0.05208571428571427,0.026528571428571443,0.023414285714285707,0.022057142857142845,-1.9194
4.16,10.4,15.12,0.3433,0.1893,0.1873,27.949359363079743,9.357807226580306,8.545201734539972,0.30163571428571423,0.15606428571428568,0.16638571428571425,0.07315714285714275,0.05127142857142858,0.03059999999999996,-2.3433
5.92,10.4,17.04,0.1613,0.0929,-0.0369,32.757561391864975,7.656741536877334,12.174459287531818,0.13587142857142853,0.07465,-0.05269999999999999,0.04925714285714286,0.02567142857142858,0.026428571428571426,-3.5881
4.24,8.88,12.0,-0.0148,0.0126,0.2858,8.584257701238027,11.055648387568908,21.833273398051006,-0.04912857142857141,-0.028292857142857133,0.1660071428571428,0.05162857142857141,0.06718571428571427,0.2269857142857142,-1.8504
10.4,12.08,15.2,0.0287,0.0117,0.0035,8.656167796713177,12.628593272171258,9.1405730141839,0.0043857142857142845,-0.009371428571428569,-0.017199999999999997,0.036771428571428566,0.035399999999999994,0.03111428571428571,-4.3743
10.4,13.6,15.12,0.0701,0.0668,0.085,9.059008929878502,9.200956143364238,8.312502999328132,0.03833571428571427,0.04987857142857141,0.06513571428571427,0.04809999999999999,0.027499999999999997,0.02912857142857142,-2.7764
10.4,12.08,15.12,0.147,0.1341,0.1382,9.115221048620683,13.419606360366274,8.77516366612113,0.11644999999999997,0.11443571428571425,0.11904285714285712,0.04667142857142857,0.03229999999999998,0.028885714285714292,-2.844
4.24,10.56,12.08,0.1244,0.1973,0.1383,11.123045878545593,10.300876298822502,10.190498010054455,0.10074285714285712,0.13037142857142853,0.11354999999999998,0.03908571428571428,0.10837142857142854,0.04087142857142856,-53.3597
4.24,10.48,16.96,0.0807,0.0227,-0.0813,9.143132358493808,9.09477850148815,12.570167463103132,0.05996428571428569,0.012635714285714281,-0.0931642857142857,0.03092857142857141,0.016099999999999996,0.02129999999999997,-9.8018
2.64,4.16,16.08,0.1353,0.1202,0.3071,6.327977819085617,11.201844757689589,23.81847864145658,0.11990714285714282,0.09849285714285712,0.2330928571428571,0.017414285714285715,0.03761428571428568,0.1406428571428571,-25.1627
4.16,12.4,16.8,0.1377,0.1319,0.1311,10.836685159500718,11.874772539288657,9.448113991359236,0.11854285714285709,0.1193285714285714,0.12146428571428569,0.03202857142857139,0.02025714285714285,0.015414285714285714,-4.8206
10.48,12.48,15.2,0.0571,0.0416,0.03,9.999175045462422,29.564041859667185,7.559241706161146,0.018021428571428563,0.020507142857142852,0.013235714285714281,0.06407142857142856,0.040871428571428566,0.024414285714285708,-1.2269
10.48,12.24,15.2,0.1579,0.1316,0.1181,9.021647882485723,17.178313696612662,7.485306685950974,0.12960714285714284,0.11690714285714285,0.1037785714285714,0.04415714285714285,0.02864285714285715,0.02109999999999998,-1.3483
10.48,12.4,15.12,0.1019,0.0804,0.071,10.107803121248494,29.52936076007748,7.51802533867945,0.057707142857142846,0.05918571428571427,0.051714285714285706,0.07175714285714285,0.04299999999999999,0.02677142857142857,-1.2698
10.4,12.32,15.12,0.1228,0.0965,0.0915,9.9309262166405,30.069342517364532,7.577036179574918,0.07990714285714284,0.07722857142857141,0.07439285714285712,0.0667285714285714,0.03702857142857143,0.024928571428571418,-1.1784
10.4,12.08,15.12,0.0551,0.0179,0.0005,8.543465671953257,16.056210258584144,7.291772187917928,0.02335714285714285,0.0017785714285714262,-0.01594285714285714,0.047457142857142844,0.02998571428571428,0.02325714285714285,-1.1656
10.64,12.4,15.36,0.0252,0.0,-0.0836,9.686451781970646,12.54188034188033,6.5604635302777865,-0.004385714285714281,-0.013885714285714282,-0.0947785714285714,0.04722857142857141,0.025942857142857136,0.01581428571428571,-2.4575
4.32,8.88,15.2,0.2244,0.3183,-0.297,7.7623925501432645,56.91947528491882,9.424097138076661,0.18058571428571424,0.1949428571428571,-0.3490357142857142,0.07082857142857141,0.22542857142857137,0.08947142857142859,-1.5483
10.48,12.48,15.2,0.1119,0.0966,0.0748,10.49418358714044,28.45632691278759,7.550965791454928,0.0653642857142857,0.0720142857142857,0.05743571428571428,0.07569999999999996,0.04517142857142856,0.027214285714285705,-1.1201
11.12,14.96,17.36,0.0289,-0.0322,-0.0287,9.464587681604257,8.948468553761472,8.985923985362604,-0.005657142857142857,-0.052235714285714274,-0.036807142857142844,0.052999999999999985,0.031071428571428555,0.013785714285714283,-1.5252
10.96,13.68,15.12,0.1787,0.1517,0.1498,9.512146936791481,8.033714721586563,8.990474244127313,0.14383571428571426,0.1262642857142857,0.12138571428571425,0.052728571428571416,0.03370000000000001,0.04211428571428569,-1.4764
9.28,10.8,15.12,0.1988,0.2292,0.1179,7.806868951033721,9.27614144725608,9.021296939154183,0.17135714285714282,0.17562857142857138,0.08726428571428568,0.03739999999999999,0.08225714285714286,0.047757142857142845,-1.8778
7.92,11.12,15.04,-0.1277,-0.1555,-0.2426,7.340202571342985,9.364511266051096,8.625057439573567,-0.14488571428571426,-0.19101428571428566,-0.26247857142857134,0.025914285714285723,0.05662857142857142,0.03055714285714284,-1.9366
12.16,13.68,15.2,0.4125,0.1549,0.1028,10.31877724455353,8.278755922737446,9.139602441779203,0.19523571428571423,0.09339999999999997,0.058607142857142844,0.3478999999999999,0.09054285714285712,0.06815714285714283,-1.9808
6.56,11.12,15.04,0.3303,0.2794,0.2232,42.217358117816104,9.983048764948947,8.879497055108857,0.2815714285714285,0.2538571428571428,0.20342857142857138,0.08562857142857139,0.04239999999999999,0.030514285714285716,-2.1776
11.36,15.04,16.8,0.0983,-0.3975,-0.6466,9.812279169093372,6.864002729170892,8.877128876213902,0.026785714285714288,-0.4209714285714285,-0.886335714285714,0.1160285714285714,0.2873714285714285,0.3683571428571427,-3.973
8.08,9.68,11.2,0.1691,0.1622,0.1878,9.39761904761906,9.74591755263269,11.005270193733224,0.14627857142857137,0.1444785714285714,0.15429285714285712,0.036585714285714305,0.030014285714285743,0.054585714285714265,-1.9525
11.12,15.04,17.36,0.0223,-0.0442,-0.0411,8.559286537195518,9.034948224852059,9.387783115991738,-0.001707142857142855,-0.06088571428571427,-0.047971428571428554,0.03738571428571427,0.026999999999999982,0.012371428571428568,-1.847
6.48,8.0,11.12,0.1629,0.1514,0.1486,8.988101278668559,8.237502814130366,9.651752112135185,0.1481428571428571,0.13503571428571426,0.11362142857142854,0.022342857142857164,0.023528571428571413,0.056814285714285706,-4.1795
4.24,10.48,12.08,0.1519,0.0124,-0.0276,9.956781529179722,7.444184875550576,12.066682916637646,0.13237142857142853,-0.0067785714285714255,-0.04247142857142856,0.03219999999999998,0.02949999999999999,0.028599999999999993,-3.7943
2.56,4.08,14.64,0.1795,0.1645,0.337,6.846799352199104,9.04018379569078,25.30164261259253,0.1647642857142857,0.13789999999999997,0.18783571428571424,0.02141428571428569,0.04259999999999997,0.27661428571428565,-49.0265
4.08,12.4,16.88,0.2027,0.1002,0.0689,9.150769230769235,12.570807005875182,10.242112299465248,0.17852857142857137,0.0721142857142857,0.05767857142857141,0.039114285714285685,0.042028571428571415,0.019528571428571416,-13.6128
4.08,8.4,13.76,0.0844,0.0719,0.041,9.787184227572062,29.075275994865216,9.623755024707492,0.054521428571428554,0.053807142857142845,0.02512857142857142,0.04904285714285713,0.030271428571428567,0.023942857142857134,-2.2456
4.08,5.52,12.4,0.0504,0.0292,0.0458,8.287370911883158,27.50027397260275,8.415370885250397,0.02622857142857142,0.015099999999999995,0.026949999999999995,0.037371428571428555,0.02211428571428571,0.022471428571428573,-3.7311
4.24,5.76,12.32,0.0276,0.0147,-0.0069,9.968016163138113,24.59911944005418,9.506786006786001,0.006828571428571427,0.006314285714285713,-0.01778571428571428,0.032057142857142853,0.015971428571428567,0.018942857142857136,-14.4181
4.08,5.6,12.4,0.038,0.0191,0.0339,9.114335648766588,26.470437166911246,47.43652597402598,0.013442857142857138,0.007935714285714286,0.001828571428571426,0.03662857142857141,0.018128571428571424,0.05622857142857142,-51.1079
5.84,10.48,13.68,0.2615,0.2032,0.1986,56.46733532122525,9.227231916754903,10.698492979489828,0.20400714285714283,0.17458571428571423,0.1817428571428571,0.11132857142857144,0.04777142857142855,0.025914285714285723,-3.0695
10.48,13.68,15.36,-0.0169,-0.0146,0.0099,8.997973157105875,13.20430107526883,8.209208564846193,-0.05005714285714285,-0.03833571428571428,-0.01331428571428571,0.05322857142857142,0.0402142857142857,0.038114285714285705,-2.7414
4.24,10.48,13.68,0.1169,0.018,-0.0024,11.304628982807465,8.144717583261354,10.727721170952606,0.09449285714285713,-0.008764285714285712,-0.021471428571428565,0.0363,0.04247142857142856,0.03122857142857142,-3.8999
4.24,10.32,15.12,0.2864,0.1713,0.1706,42.647657426168465,8.542024292663271,8.365613049823565,0.23058571428571423,0.1425785714285714,0.14634999999999998,0.10231428571428566,0.043528571428571444,0.03487142857142855,-2.8976
10.48,13.6,15.12,0.0635,0.0812,0.1044,8.468495272089925,9.874598131041438,8.760590221550501,0.03252857142857142,0.05782142857142856,0.07387857142857142,0.05039999999999999,0.04029999999999999,0.04524285714285715,-2.0125
4.24,10.4,15.12,0.1195,0.0605,0.0339,10.196619634908316,8.6149299540714,9.177814029363788,0.09074285714285713,0.03014999999999999,-0.0005500000000000019,0.04562857142857142,0.045614285714285704,0.052671428571428563,-3.0515
4.24,10.4,13.52,0.3119,0.1651,0.1521,32.51832844574778,9.101241932272089,10.6422943319495,0.2527285714285714,0.13270714285714283,0.13594285714285712,0.1052285714285714,0.0495,0.026428571428571426,-2.088
10.4,11.92,15.04,0.064,0.0402,0.0366,8.870459285652217,12.463612872915192,9.299019260309592,0.032185714285714276,0.019292857142857136,0.011821428571428566,0.04845714285714284,0.035357142857142844,0.03829999999999999,-1.4597
4.24,10.4,15.12,0.2867,0.1301,0.1387,31.267665018900836,9.116716751918162,8.263892632059026,0.23151428571428567,0.09902857142857141,0.11720714285714282,0.09782857142857146,0.04754285714285712,0.03189999999999997,-2.4586
4.24,10.48,12.16,0.4544,0.2669,0.2534,12.054577296988182,9.347704046686204,8.993200912699976,0.3910357142857142,0.23657857142857136,0.21972857142857138,0.1052142857142857,0.048899999999999944,0.05197142857142856,-1.4749
10.48,12.08,15.12,0.094,0.0665,0.0429,8.340695343070777,9.906671012603212,9.055785607336702,0.07304999999999998,0.04878571428571427,0.020399999999999995,0.03255714285714284,0.0286,0.03385714285714285,-1.3905
10.4,12.08,15.12,0.0931,0.072,0.0693,9.014345145953115,11.438277696129902,9.162510349395603,0.06094999999999998,0.04710714285714285,0.03882857142857142,0.04872857142857141,0.04135714285714284,0.04534285714285713,-1.2403
4.24,10.32,15.04,0.3215,0.2024,0.1355,9.511482356899759,9.184088397790049,9.168123481004557,0.27147857142857135,0.1657428571428571,0.10968571428571425,0.07718571428571425,0.057914285714285696,0.0422,-1.5771
2.8,4.16,10.32,0.4396,0.4725,0.2945,7.449876008157961,12.977365898723946,8.719444444444463,0.41336428571428563,0.4132857142857142,0.2758285714285713,0.038328571428571434,0.0994571428571428,0.028400000000000036,-1.8252
7.52,8.88,10.48,0.3624,0.3852,0.3836,10.361460579918528,10.501576894024936,11.872317108661633,0.3387214285714285,0.33807857142857134,0.34002857142857135,0.03481428571428574,0.0798714285714286,0.07299999999999995,-1.8965
10.64,12.16,15.2,0.335,0.1856,0.1256,10.253369279950292,9.758365400326497,9.398539324644304,0.17740714285714282,0.1254642857142857,0.0859785714285714,0.2538999999999999,0.09987142857142853,0.06421428571428571,-1.287
2.36,11.8,15.28,0.145251,0.122905,0.058659,5.872592773149834,106.79995704159805,13.250827832591597,0.11502392857142854,0.07482049999999998,0.05426949999999999,0.04329585714285711,0.09616899999999998,0.007981000000000002,-12.2372
9.28,13.4,16.92,1.044872,1.057692,1.051282,30.001091873342375,54.0,25.000000000000227,1.0384615,1.0467034285714285,1.0480769999999997,0.012820999999999971,0.016482857142857243,0.006410000000000027,-1.5837
5.24,6.36,13.36,0.034112,-0.000935,-0.367757,13.639088360414732,24.334106240850815,10.23590391639442,0.014252071428571425,-0.003521499999999999,-0.4001334999999999,0.030374142857142846,0.005172999999999999,0.04739642857142856,-19.5964
3.32,13.96,17.72,0.247355,0.943742,0.464129,9.239167728140345,12.2400140450776,7.8749365687133945,0.21754849999999992,0.9167419285714283,0.4525162142857142,0.03793499999999997,0.054774428571428446,0.013160999999999978,-43.2441
6.68,15.52,16.6,0.60771,0.508411,0.497897,43.57081529383146,57.65600940793922,9.03352007386053,0.33192592857142855,0.3764017857142857,0.44607799999999986,0.5071758571428571,0.2540052857142857,0.06725628571428571,-6.6966
9.24,11.96,15.88,0.266323,0.149806,0.432968,71.7028087632464,10.104167945958864,27.29616343275626,0.13838699999999995,0.1439031428571428,0.3029999285714285,0.2527742857142857,0.012580571428571441,0.22587099999999993,-51.924
4.0,8.28,15.32,0.073055,0.034669,0.044006,51.254126082251084,36.94225708866995,47.916559574077496,0.06295799999999999,0.025914999999999994,0.02129271428571428,0.020193999999999997,0.017655714285714278,0.04468485714285713,-11.9091
3.88,8.32,15.36,0.07928,0.033112,0.03,41.432556260785375,28.82744279909383,68.85128251440761,0.06999807142857142,0.02714692857142857,0.004026285714285715,0.01767357142857144,0.011337857142857143,0.05165085714285712,-63.8719
3.76,8.48,15.36,0.076686,0.042709,0.042709,52.5262007968347,35.09184962691552,48.145561485002986,0.06582021428571427,0.03364957142857142,0.023738071428571424,0.02173157142857142,0.01811885714285714,0.037534142857142856,-15.9196
9.2,10.8,12.84,0.068779,0.047344,0.04548,22.8670935339818,12.809523809523796,17.745202928738195,0.056796642857142844,0.04541342857142856,0.03892271428571428,0.020503000000000007,0.0046599999999999975,0.012582000000000003,-58.6505
10.96,12.76,14.4,0.013793,0.012861,-0.013234,24.654041164008362,22.88104545106151,21.666666666666686,0.005771642857142855,0.009266142857142853,-0.01669571428571428,0.014444999999999996,0.007189714285714281,0.006657142857142853,-47.7438
2.56,5.92,11.2,-0.010661,0.021322,-0.040085,17.749975574010755,85.27826993225639,48.20587103490058,-0.015778285714285713,-0.0017971428571428583,-0.04543092857142856,0.009138285714285719,0.046238285714285704,0.010691857142857128,-17.333
4.4,11.48,13.0,0.276074,0.603911,0.485046,53.9031265592407,40.84573061124209,11.88312091899013,0.2466314285714285,0.37645149999999994,0.4124670714285713,0.05778942857142855,0.41821871428571417,0.1462532857142857,-48.8827
5.48,9.44,11.96,0.067031,0.091085,0.177586,29.597844692843978,38.33581282269222,27.561111767375166,0.04046621428571427,0.05698664285714285,0.10947221428571427,0.05048642857142854,0.0651572857142857,0.13536842857142856,-25.8836
9.32,13.76,17.68,0.032197,0.03907,0.02593,25.81505896012169,38.564159891188865,8.023078881974243,0.02480364285714285,0.02250778571428571,0.021843357142857137,0.014671285714285717,0.03196957142857142,0.0047075714285714325,-11.2917
3.16,4.88,16.4,0.248677,0.242372,-0.027293,85.96321656321943,7.575000000000003,49.916666666666686,0.18815478571428568,0.24164449999999993,-0.035052999999999994,0.12062871428571423,0.0015935714285714442,0.015104285714285712,-46.0213
2.96,4.04,4.8,0.230489,0.225882,0.230974,113.18575815847488,10.437451677748598,26.72729607523962,0.15901992857142855,0.21737685714285707,0.21689171428571424,0.14619528571428575,0.017356571428571443,0.02082085714285714,-40.2318
2.84,3.68,11.16,0.320459,0.292086,0.019753,54.07612278391098,8.310037518624036,19.511538461538464,0.2662069285714285,0.2756471428571428,0.012997642857142853,0.10129728571428567,0.01666342857142855,0.012263571428571424,-41.4559
3.84,7.76,15.88,0.389958,0.256436,0.148939,19.149877926656586,39.16553755522823,24.429617398169285,0.38211771428571417,0.25251585714285707,0.14497849999999995,0.016003428571428613,0.007840285714285744,0.007920999999999984,-32.7598
14.04,14.12,17.32,0.176096,0.176096,0.184017,38.278197802553734,38.278197802553734,18.273673632384657,0.15847628571428568,0.15847628571428568,0.17108521428571422,0.034916571428571436,0.034916571428571436,0.02295385714285711,-50.8563
8.84,12.12,15.72,0.046073,-0.01466,0.026178,72.43274199267313,7.791520221905159,76.48801917689065,0.008040428571428566,-0.019334571428571423,0.008152642857142855,0.07337285714285713,0.0066568571428571414,0.03545242857142856,-51.3643
8.36,13.84,16.4,0.00366,0.055948,0.086275,21.621247378651617,21.37522709315732,44.27245066504389,-0.007282999999999999,0.04791771428571428,0.06446321428571428,0.022184857142857138,0.013968571428571427,0.04093385714285714,-23.2318
4.16,6.2,16.44,0.027327,0.021622,0.045495,51.365296149482624,21.318049320269083,52.58878625339139,0.018607857142857134,0.01965921428571428,0.04130714285714285,0.017223999999999993,0.003882428571428568,0.0077328571428571455,-53.748
8.6,13.56,16.48,0.091331,0.086089,0.046774,56.49999999999997,13.400032702894237,14.593523461597101,0.08234471428571427,0.07682185714285711,0.03301421428571428,0.017972571428571435,0.01853428571428571,0.029017285714285707,-28.1663
5.6,8.28,10.44,0.134762,0.14619,0.108095,27.465156455324788,106.50115802980758,34.79335982523364,0.11865649999999997,0.10006799999999998,0.08464292857142855,0.030034142857142843,0.08680257142857142,0.045408142857142834,-46.0132
5.6,9.24,17.24,0.005714,0.010162,-0.023801,15.494289506054628,123.91736729310912,24.086239715243494,0.0028407142857142854,-0.003007357142857143,-0.034558214285714275,0.00557342857142857,0.026338714285714278,0.02070642857142856,-55.302
2.68,6.44,16.92,0.160637,0.079878,-0.029968,16.83502399881899,26.140627045227987,27.112678578084456,0.10380371428571425,0.06351464285714284,-0.0455832857142857,0.11113714285714281,0.032107,0.02968142857142856,-55.9426
8.84,12.12,15.72,0.046073,-0.01466,0.026178,72.43274199267313,7.791520221905159,76.48801917689065,0.008040428571428566,-0.019334571428571423,0.008152642857142855,0.07337285714285713,0.0066568571428571414,0.03545242857142856,-51.3643
8.36,13.84,16.4,0.00366,0.055948,0.086275,21.621247378651617,21.37522709315732,44.27245066504389,-0.007282999999999999,0.04791771428571428,0.06446321428571428,0.022184857142857138,0.013968571428571427,0.04093385714285714,-23.2318
4.16,6.2,16.44,0.027327,0.021622,0.045495,51.365296149482624,21.318049320269083,52.58878625339139,0.018607857142857134,0.01965921428571428,0.04130714285714285,0.017223999999999993,0.003882428571428568,0.0077328571428571455,-53.748
8.6,13.56,16.48,0.091331,0.086089,0.046774,56.49999999999997,13.400032702894237,14.593523461597101,0.08234471428571427,0.07682185714285711,0.03301421428571428,0.017972571428571435,0.01853428571428571,0.029017285714285707,-28.1663
5.6,8.28,10.44,0.134762,0.14619,0.108095,27.465156455324788,106.50115802980758,34.79335982523364,0.11865649999999997,0.10006799999999998,0.08464292857142855,0.030034142857142843,0.08680257142857142,0.045408142857142834,-46.0132
5.6,9.24,17.24,0.005714,0.010162,-0.023801,15.494289506054628,123.91736729310912,24.086239715243494,0.0028407142857142854,-0.003007357142857143,-0.034558214285714275,0.00557342857142857,0.026338714285714278,0.02070642857142856,-55.302
2.52,2.96,14.68,0.355469,0.316406,0.269531,5.40317602217039,7.128827588145164,25.62056822815771,0.2848772857142856,0.2770648571428571,0.16406242857142855,0.04575914285714289,0.06808028571428576,0.2008928571428571,-43.7918
2.48,3.24,13.4,0.568648,0.565061,0.070184,14.877783019423749,5.106722678463878,25.08378067484665,0.5249744285714284,0.5208759999999999,0.043032357142857136,0.07658799999999999,0.05455942857142859,0.05327871428571427,-10.5367
5.36,8.96,15.08,0.01167,0.011429,0.020241,48.5937676877267,26.928971070216704,50.32841531319184,-0.007568357142857139,-0.0022433571428571424,-0.0033342857142857132,0.03794214285714284,0.026464428571428566,0.04659971428571427,-54.2008
4.88,13.44,15.6,0.221193,0.09465,0.100823,24.814763576113684,28.999956822046556,29.431793914043226,0.13587592857142855,0.06092014285714284,0.06569664285714284,0.15623157142857141,0.06569657142857141,0.06437385714285712,-53.028
2.68,6.76,16.88,0.155652,0.060994,0.005342,13.858526610091547,37.99344883682882,30.472603413178717,0.09318528571428569,0.03902399999999999,-0.017284857142857137,0.10569657142857142,0.04251999999999999,0.04049685714285713,-47.1053
7.8,10.72,16.08,0.108838,0.059738,-0.09329,55.16849683986747,26.988277783221207,15.7588111014947,0.0828850714285714,0.03790621428571428,-0.10346035714285712,0.04629414285714284,0.03641557142857142,0.018704714285714297,-25.3427
6.0,15.56,17.12,0.042553,-0.048282,0.048282,12.024945007943302,10.23042916013992,20.625166960633806,0.03594821428571428,-0.05284064285714284,-0.0019582142857142854,0.010872142857142858,0.007715285714285716,0.08551585714285712,-65.8591
8.4,14.88,16.72,-0.0982,-0.135025,-0.140753,18.490991088474118,102.75246902120494,16.974945157855416,-0.1326278571428571,-0.1542846428571428,-0.1539045714285714,0.062192857142857105,0.03805185714285714,0.02513399999999999,-32.7019
11.28,13.52,14.8,-0.094675,-0.064793,-0.065385,35.65062729664217,14.388343217426325,131.8354900823922,-0.11642014285714283,-0.08148771428571426,-0.15304307142857138,0.04196942857142856,0.02789514285714284,0.17472528571428567,-20.086
4.08,7.56,17.48,0.125444,0.072189,-0.018343,8.26269389955766,83.8055337528237,17.647578523881748,0.1144970714285714,0.04890107142857142,-0.029142142857142853,0.017920714285714276,0.04666099999999999,0.020245142857142854,-11.6688
7.24,13.4,14.88,0.013018,-0.035799,0.017456,35.26170931916948,20.60628993425877,16.79169975094254,-0.004902785714285714,-0.10048614285714283,-0.08615807142857142,0.034826428571428564,0.12607771428571424,0.20097214285714282,-48.8369
7.56,11.8,16.8,0.046885,0.219692,0.042063,11.718494038361854,35.988290665924154,23.847439171813335,0.03683849999999999,0.12200742857142854,0.03801535714285713,0.020092999999999996,0.19364685714285712,0.008095285714285715,-15.9044
6.6,11.8,17.08,0.022822,0.026722,0.009551,60.73909771329228,221.37908864677706,12.732377227882864,0.018840428571428567,0.013999499999999995,0.007995642857142856,0.007905142857142859,0.02545957142857142,0.0027349999999999987,-42.085
4.32,10.68,16.76,0.161587,0.483318,0.739405,12.856831683168352,39.12231988225838,27.545645786268494,0.15602228571428567,0.28092214285714284,0.5737471428571428,0.008862571428571414,0.40396742857142853,0.32657485714285717,-55.0151
2.36,9.44,16.08,0.029367,0.026739,0.112655,10.995041224970553,23.317000373669373,6.533692002057592,0.025150357142857137,0.024269357142857134,0.11078499999999997,0.007277285714285715,0.0045338571428571416,0.0018917142857142882,-14.8155
6.64,14.96,17.2,0.233856,0.289342,0.226803,21.69898623700287,110.71560722188184,16.824045372086175,0.2215125714285714,0.24062357142857135,0.21634014285714281,0.023880571428571445,0.09488342857142856,0.02018600000000001,-13.478
3.48,6.68,13.04,0.2221,0.198589,0.202351,13.005816952967294,21.453970926172758,69.49969626786424,0.21165471428571425,0.17707678571428564,0.17835321428571424,0.0184054285714286,0.0401364285714286,0.04779442857142857,-15.3916
6.56,13.16,17.48,0.168025,0.189185,0.143574,20.76363497320348,39.1702130855586,10.210330921298976,0.15087899999999996,0.15925907142857137,0.12733414285714284,0.03113514285714286,0.05743357142857142,0.02475371428571428,-16.237
3.92,7.4,10.2,0.382291,0.12358,0.097401,10.437521436625481,11.81813313454444,27.23809523809524,0.35935664285714275,0.10532107142857139,0.07804199999999999,0.03618871428571435,0.031238428571428556,0.035197999999999986,-12.1039
3.96,9.92,13.88,0.38845,0.115881,0.320693,6.252443875987744,18.488577098804996,29.42073853734678,0.3651862857142857,0.09916149999999999,0.1511342857142857,0.02936885714285714,0.029918999999999987,0.31293857142857134,-49.7772
7.24,13.4,14.92,-0.001155,-0.042733,0.008085,36.40070138979087,19.717750133660104,15.431110236934842,-0.015784499999999996,-0.10675099999999998,-0.09036149999999997,0.028378999999999995,0.12011599999999997,0.19249299999999994,-19.4041
4.24,13.28,14.2,0.225503,0.61745,0.641611,39.52740858592982,6.6994489761497675,25.810814591575593,0.1806329285714285,0.4617449999999999,0.39961649999999993,0.08398842857142857,0.14918542857142858,0.4663469999999999,-49.342
2.52,15.2,16.36,0.467114,0.12349,0.085906,20.935280208308004,13.685195149207402,9.42895977786111,0.2615533571428571,0.06960699999999999,0.05369142857142856,0.4065195714285713,0.10009571428571426,0.060594571428571414,-49.2754
3.84,7.76,15.88,0.389958,0.256436,0.148939,19.149877926656586,39.16553755522823,24.429617398169285,0.38211771428571417,0.25251585714285707,0.14497849999999995,0.016003428571428613,0.007840285714285744,0.007920999999999984,-32.7598
14.04,14.12,17.32,0.176096,0.176096,0.184017,38.278197802553734,38.278197802553734,18.273673632384657,0.15847628571428568,0.15847628571428568,0.17108521428571422,0.034916571428571436,0.034916571428571436,0.02295385714285711,-50.8563
11.92,14.88,16.44,-0.006615,-0.020623,-0.015175,22.400154202004614,15.219389632476407,19.62069391582935,-0.010505999999999998,-0.02408285714285714,-0.022651428571428565,0.007003999999999998,0.005586000000000001,0.013507714285714286,-23.4033
2.44,3.88,8.76,0.14878,0.042276,0.053659,7.074767692936492,12.713078605145022,112.6871865834043,0.09715442857142853,0.020934857142857137,0.023606357142857137,0.06957028571428568,0.03408799999999999,0.05511042857142856,-27.6265
5.6,8.64,11.04,0.091057,0.10122,0.145528,20.973774539729618,13.209161727980899,54.183593002596695,0.0652727857142857,0.07186399999999998,0.08225871428571427,0.04878099999999999,0.04860657142857142,0.12258971428571425,-19.7263
4.52,9.08,14.32,0.015263,0.015263,-0.070409,15.533334138914228,201.06296576196797,22.108022416151528,-0.008124071428571427,-0.031054571428571418,-0.0855312857142857,0.04255471428571427,0.09263514285714283,0.030667428571428554,-42.3806
2.48,9.28,17.08,-0.051699,0.028065,-0.342196,9.535561196116461,161.4990114512239,17.598034479930504,-0.08377292857142855,-0.0496587857142857,-0.39276928571428565,0.05387928571428571,0.15291557142857137,0.09383142857142857,-28.1806
2.48,14.12,17.08,0.342688,-0.115707,-0.13934,7.472307936260831,27.691176571022027,18.51941440984058,0.28676914285714283,-0.14781592857142856,-0.18372378571428566,0.06443028571428572,0.061123857142857146,0.08651642857142852,-25.8102
4.52,10.32,12.68,0.037017,0.048202,-0.059654,14.560607452900136,32.76166269987371,16.064869579511026,0.035381428571428564,0.02170421428571428,-0.10749485714285711,0.0029671428571428626,0.05155042857142856,0.0839642857142857,-46.3792
5.8,11.64,16.76,0.030286,0.04315,0.117646,23.104331844028863,10.888991668561061,24.923255841136665,0.023457357142857137,0.04194907142857142,0.10965192857142855,0.012720142857142853,0.0019218571428571418,0.015410714285714278,-46.2524
2.36,9.44,15.04,0.028026,0.02186,0.04447,11.24193576386629,36.46100858144635,61.392514595496266,0.024869428571428563,0.018613571428571424,0.03359721428571428,0.006215428571428566,0.00642742857142857,0.02174557142857143,-66.863
4.4,9.0,13.92,0.004046,0.025971,0.036248,18.143846773969372,81.30966849932695,43.761069092186574,0.0009543571428571431,0.009796071428571428,0.014869642857142852,0.006150142857142856,0.03176185714285713,0.04243071428571428,-29.4895
5.0,9.24,15.36,0.010897,0.015465,0.01752,34.37835080163718,48.05020952237004,63.61497986626779,0.00616642857142857,0.00906185714285714,0.011435428571428569,0.00880885714285714,0.012806285714285711,0.012169142857142852,-15.8846
2.6,4.84,15.08,0.783844,0.772145,0.473816,11.87501068467391,37.166870864821796,35.00002849165196,0.7750694999999999,0.7545959999999998,0.4591919999999999,0.017548999999999926,0.03509799999999985,0.02924800000000005,-46.9528
4.2,8.48,15.72,0.476012,0.491004,0.427286,105.40282142116031,69.16666666666671,21.21822701916085,0.4520505714285713,0.44950728571428555,0.39315142857142843,0.047922857142857156,0.0829934285714285,0.06719828571428577,-29.8573
4.24,8.36,15.12,0.096441,0.068215,0.112123,16.87816506324227,22.354755506980865,85.3589111985641,0.07527157142857141,0.05802199999999998,0.07812771428571426,0.03561914285714285,0.01904199999999999,0.0644065714285714,-61.1305
3.08,4.56,14.0,1.303665,1.17801,0.74411,20.136458723344877,16.77276936611564,20.21270967917269,1.0907816428571424,1.1242987142857142,0.6007854285714285,0.32928185714285685,0.08666771428571418,0.244016,-50.2858
2.84,4.36,6.36,0.314693,0.333393,0.361175,13.592963324699136,23.955000626994988,105.22972935175383,0.2977674999999999,0.32640885714285706,0.3191006428571428,0.028278714285714268,0.013051714285714222,0.08132557142857144,-43.0162
2.52,2.96,14.68,0.355469,0.316406,0.269531,5.40317602217039,7.128827588145164,25.62056822815771,0.2848772857142856,0.2770648571428571,0.16406242857142855,0.04575914285714289,0.06808028571428576,0.2008928571428571,-43.7918
2.48,3.24,13.4,0.568648,0.565061,0.070184,14.877783019423749,5.106722678463878,25.08378067484665,0.5249744285714284,0.5208759999999999,0.043032357142857136,0.07658799999999999,0.05455942857142859,0.05327871428571427,-10.5367
4.24,13.28,14.2,0.225503,0.61745,0.641611,39.52740858592982,6.6994489761497675,25.810814591575593,0.1806329285714285,0.4617449999999999,0.39961649999999993,0.08398842857142857,0.14918542857142858,0.4663469999999999,-49.342
2.52,15.2,16.36,0.467114,0.12349,0.085906,20.935280208308004,13.685195149207402,9.42895977786111,0.2615533571428571,0.06960699999999999,0.05369142857142856,0.4065195714285713,0.10009571428571426,0.060594571428571414,-49.2754
2.36,5.36,15.16,0.047283,0.006196,0.047772,10.985928633117691,35.943042735915185,64.88441669799477,0.04216407142857141,-0.0020494999999999984,0.036879928571428564,0.009153857142857137,0.016280999999999993,0.021784142857142853,-31.6883
2.36,9.44,15.04,0.028026,0.02186,0.04447,11.24193576386629,36.46100858144635,61.392514595496266,0.024869428571428563,0.018613571428571424,0.03359721428571428,0.006215428571428566,0.00642742857142857,0.02174557142857143,-66.863
4.4,9.0,13.92,0.004046,0.025971,0.036248,18.143846773969372,81.30966849932695,43.761069092186574,0.0009543571428571431,0.009796071428571428,0.014869642857142852,0.006150142857142856,0.03176185714285713,0.04243071428571428,-29.4895
5.0,9.24,15.36,0.010897,0.015465,0.01752,34.37835080163718,48.05020952237004,63.61497986626779,0.00616642857142857,0.00906185714285714,0.011435428571428569,0.00880885714285714,0.012806285714285711,0.012169142857142852,-15.8846
2.6,4.84,15.08,0.783844,0.772145,0.473816,11.87501068467391,37.166870864821796,35.00002849165196,0.7750694999999999,0.7545959999999998,0.4591919999999999,0.017548999999999926,0.03509799999999985,0.02924800000000005,-46.9528
4.2,8.48,15.72,0.476012,0.491004,0.427286,105.40282142116031,69.16666666666671,21.21822701916085,0.4520505714285713,0.44950728571428555,0.39315142857142843,0.047922857142857156,0.0829934285714285,0.06719828571428577,-29.8573
9.2,16.48,17.76,0.906215,0.076836,0.048588,62.760782697938936,10.899362726898858,6.75,0.5819209999999999,0.0716707857142857,0.047377285714285705,0.6440679999999999,0.008393285714285714,0.0024214285714285674,-48.4276
4.16,10.4,15.28,0.110734,0.039548,0.028249,23.154316303114925,16.416845349868595,45.11627994045864,0.07449557142857141,0.010815214285714282,-0.009200928571428572,0.07054085714285713,0.05423699999999998,0.07296271428571427,-43.0277
2.4,6.32,16.4,0.437288,0.174011,0.00339,12.688868996558273,41.437634824935,24.37455757224916,0.3226796428571428,0.13236442857142855,-0.02986278571428571,0.20855499999999993,0.08135599999999996,0.06327699999999999,-19.0561
3.64,11.76,16.2,0.081733,0.111169,0.091441,38.34341803643265,74.03222489275785,42.47926437592639,0.07108549999999997,0.0912392857142857,0.08596049999999997,0.021294999999999994,0.039680571428571426,0.010961000000000012,-19.8497
3.08,4.56,14.0,1.303665,1.17801,0.74411,20.136458723344877,16.77276936611564,20.21270967917269,1.0907816428571424,1.1242987142857142,0.6007854285714285,0.32928185714285685,0.08666771428571418,0.244016,-50.2858
5.64,8.64,14.88,0.106963,0.077901,0.113421,39.57873868147435,30.466863479251487,31.669349665713582,0.09277799999999997,0.05898807142857142,0.09531514285714282,0.028369999999999992,0.034366428571428576,0.03551999999999998,-48.4219
2.68,6.44,16.92,0.160637,0.079878,-0.029968,16.83502399881899,26.140627045227987,27.112678578084456,0.10380371428571425,0.06351464285714284,-0.0455832857142857,0.11113714285714281,0.032107,0.02968142857142856,-55.9426
4.24,8.36,15.12,0.096441,0.068215,0.112123,16.87816506324227,22.354755506980865,85.3589111985641,0.07527157142857141,0.05802199999999998,0.07812771428571426,0.03561914285714285,0.01904199999999999,0.0644065714285714,-61.1305
9.96,11.32,12.84,0.173556,0.15476,0.106631,158.07896057878298,8.74883373403128,12.416418687013675,0.13187564285714282,0.1495220714285714,0.09878964285714284,0.08323871428571426,0.00823814285714286,0.013527285714285728,-5.0534
16.92,17.04,17.12,0.70405,0.71028,0.70405,139.99903707270076,139.99903707270076,139.99903707270076,0.6982644999999998,0.6982644999999998,0.6982644999999998,0.01335099999999989,0.01335099999999989,0.01335099999999989,-24.4012
11.92,15.76,17.6,0.110479,0.082335,0.068563,153.13810846376703,30.876226955130335,7.288959247609171,0.07938407142857141,0.07493592857142854,0.0674507857142857,0.06206157142857142,0.014541857142857134,0.002052714285714269,-42.8293
16.92,17.04,17.12,0.70405,0.71028,0.70405,139.99903707270076,139.99903707270076,139.99903707270076,0.6982644999999998,0.6982644999999998,0.6982644999999998,0.01335099999999989,0.01335099999999989,0.01335099999999989,-24.4012
3.08,4.56,14.0,1.303665,1.17801,0.74411,20.136458723344877,16.77276936611564,20.21270967917269,1.0907816428571424,1.1242987142857142,0.6007854285714285,0.32928185714285685,0.08666771428571418,0.244016,-50.2858
2.84,4.36,6.36,0.314693,0.333393,0.361175,13.592963324699136,23.955000626994988,105.22972935175383,0.2977674999999999,0.32640885714285706,0.3191006428571428,0.028278714285714268,0.013051714285714222,0.08132557142857144,-43.0162
2.52,2.96,14.68,0.355469,0.316406,0.269531,5.40317602217039,7.128827588145164,25.62056822815771,0.2848772857142856,0.2770648571428571,0.16406242857142855,0.04575914285714289,0.06808028571428576,0.2008928571428571,-43.7918
2.48,3.24,13.4,0.568648,0.565061,0.070184,14.877783019423749,5.106722678463878,25.08378067484665,0.5249744285714284,0.5208759999999999,0.043032357142857136,0.07658799999999999,0.05455942857142859,0.05327871428571427,-10.5367
5.84,11.68,16.52,0.012052,-0.00465,-0.024389,20.250329380764157,38.201760498998794,20.395632133450476,0.01126585714285714,-0.008066499999999997,-0.025290499999999994,0.0014094285714285719,0.0068330000000000005,0.0016401428571428574,-54.7186
5.68,11.96,14.64,0.218413,0.104832,0.090018,55.37608674869479,38.502147664687044,12.681311260219843,0.1961905,0.09178099999999997,0.07142371428571426,0.044444999999999985,0.026102,0.03214914285714286,-25.3769
3.24,5.16,8.68,0.03761,0.035149,-0.009139,39.29041076040175,14.999593578540953,53.43983300775068,0.034534499999999996,0.03040421428571428,-0.02429714285714285,0.006150999999999997,0.007381000000000006,0.030316285714285712,-45.1214
6.36,11.88,14.96,0.162941,0.120588,0.087647,77.9170967264981,25.725369004108245,9.943267701764967,0.13926449999999996,0.1131300714285714,0.06801485714285713,0.047352999999999965,0.01407585714285714,0.02762571428571428,-29.1149
6.36,11.56,16.44,0.153529,0.092941,0.021471,79.37992924019088,33.99999999999997,40.1395656279509,0.12352914285714282,0.09020999999999998,0.016701642857142852,0.059831714285714294,0.005125999999999978,0.009033285714285714,-28.9968
2.44,6.96,14.8,0.099584,0.059151,0.030948,10.425136670563194,26.832418755389824,43.60887342816437,0.094521,0.05194885714285713,0.025706999999999994,0.01012600000000001,0.014404285714285724,0.010481999999999998,-4.4725
3.08,3.72,5.2,0.275419,0.260335,0.261453,120.7879926013872,10.100200905007206,19.444709626093797,0.1960095714285714,0.2575419285714285,0.25722271428571425,0.15075799999999998,0.004948142857142845,0.008300285714285649,-21.0503
5.16,7.96,9.48,0.056227,0.009387,0.008736,15.428469477382535,65.50321090609171,10.936559544842623,0.05111535714285713,-0.014962714285714284,0.0026486428571428564,0.009293857142857145,0.04851314285714285,0.010130142857142855,-35.5385
3.44,5.28,8.12,0.040613,0.043866,-0.014684,16.05126004784789,18.818532090683917,49.96337119560019,0.033317999999999987,0.031552071428571415,-0.02583649999999999,0.012732,0.022397571428571426,0.021932999999999994,-57.9176
2.92,7.92,14.96,0.005301,-0.091205,-0.112892,35.95079081568213,17.342891580193054,50.734984498160316,-0.0013597857142857135,-0.09589078571428569,-0.14534421428571423,0.013631571428571425,0.009371571428571437,0.06335585714285712,-14.3923
2.8,6.32,10.92,0.057798,0.111009,0.06055,14.428020198549763,120.23856921824057,21.312903084462732,0.047313285714285704,0.06946257142857142,0.05416107142857141,0.01703771428571428,0.08283085714285712,0.011729857142857139,-15.2131
5.4,7.72,11.04,0.088991,0.074312,0.051376,101.7913790218459,15.66077650700737,47.291613706523776,0.053080071428571414,0.06572721428571426,0.04233285714285713,0.06893814285714285,0.015858428571428565,0.018086285714285708,-15.4344
2.96,4.44,9.28,0.246752,0.22492,0.082215,15.613033723740113,11.770294047981608,69.97105611946205,0.23421942857142852,0.2136238571428571,0.04908714285714284,0.02392371428571427,0.02167971428571433,0.06595171428571428,-48.1017
5.36,8.96,15.08,0.01167,0.011429,0.020241,48.5937676877267,26.928971070216704,50.32841531319184,-0.007568357142857139,-0.0022433571428571424,-0.0033342857142857132,0.03794214285714284,0.026464428571428566,0.04659971428571427,-54.2008
