Hz,u,widths,width_heights,left_ips,right_ips,prominences,left_bases,right_bases,Bandwidth
"2.76,4.16,13.48","0.472871,0.471713,0.364393","15.186610523132027,33.7219976154894,16.23343259092769","0.45619749999999987,0.449664357142857,0.3584127857142856","11.552056045090085,41.412030360531276,278.47751914851284","26.73866656822211,75.13402797602068,294.71095173944053","0.02932157142857139,0.04405071428571422,0.012694428571428551","0,0,271","36,400,400",4.64
"2.76,4.28,16.56","0.427907,0.438294,0.395466","14.88203597403787,77.88461997892793,46.42149104762012","0.41226407142857135,0.41017142857142846,0.3762741428571428","12.23726796763447,42.2654793085385,336.4312481557982","27.11930394167234,120.15009928746643,382.8527392034183","0.026705000000000034,0.054119428571428485,0.03990371428571432","0,0,309","36,309,400",5.76
"2.76,4.28,13.56","0.466773,0.461463,0.310295","18.34244289386507,25.275770996554066,14.194454740630476","0.43866635714285707,0.439073357142857,0.30510285714285706","9.868883226006423,45.149818357058116,282.9854090311873","28.211326119871494,70.42558935361218,297.1798637718178","0.04970785714285714,0.04306242857142856,0.012490000000000001","0,36,276","395,395,395",1.32
"2.76,4.28,15.16","0.486485,0.486566,0.301546","16.2488317100103,30.909793725362697,14.649732282611296","0.46784521428571413,0.46537264285714275,0.2952564999999999","10.74302507072481,43.94663351185921,320.51558367963736","26.99185678073511,74.85642723722191,335.16531596224866","0.03259728571428572,0.04069528571428571,0.011042714285714295","0,0,312","36,399,399",3.48
"2.76,4.28,13.64","0.363091,0.364473,0.29928","16.93056379221614,74.52407769618817,17.065210131447316","0.34026357142857133,0.3404057142857142,0.2918238571428571","10.517791819088787,44.995436820708534,282.6792147207464","27.44835561130493,119.5195145168967,299.74442485219373","0.040191714285714275,0.046953142857142804,0.016407428571428573","0,0,273","36,356,356",0.4
"2.72,4.16,15.16","0.365387,0.373403,0.267431","15.881149013668388,74.72331452770729,21.058329130188724","0.3499506428571428,0.3493164285714285,0.2623512857142856","9.743097264831697,42.3992839889579,315.9095563139931","25.624246278500085,117.12259851666519,336.96788544418183","0.03281928571428572,0.04699400000000009,0.008950571428571363","0,0,307","34,400,400",1.24
"4.16,9.96,14.76","0.34929,0.36658,0.658915","72.54318969009921,12.548723533461441,43.273817167499715","0.3265266428571428,0.3285894285714285,0.46754471428571415","43.064251781472684,192.17046891161934,295.1678275120352","115.6074414715719,204.71919244508078,338.44164467953493","0.04395842857142862,0.06666400000000006,0.3734642857142857","0,153,217","153,217,400",3.6
"2.76,4.28,15.16","0.395483,0.409232,0.323241","14.680764432271436,97.25934036611396,18.783682588847853","0.38055385714285705,0.3765787857142856,0.31320728571428563","12.638018993799546,41.33498485231,318.658039329092","27.318783426070983,138.59432521842396,337.44172191793984","0.026433428571428552,0.0639398571428571,0.018203428571428537","0,0,309","36,351,351",0.6
"2.76,4.2,13.56","0.38482,0.389824,0.299668","15.729692746585307,70.90707086084866,18.836361173963382","0.3621007142857142,0.3600830714285713,0.2908709285714285","10.910595888411677,43.26063650887076,280.5791612939396","26.640288634996985,114.16770736971942,299.415522467903","0.03823228571428566,0.052098428571428546,0.018822714285714248","0,0,271","36,393,393",0.32
"2.84,6.08,16.72","0.44655,0.498411,0.239002","12.213751446024595,107.12351411442313,16.45435143920264","0.4331124999999999,0.43882442857142845,0.2347085","15.305720431820902,42.01435463933968,359.9663263859351","27.519471877845497,149.1378687537628,376.4206778251377","0.018674999999999997,0.11669714285714283,0.011914428571428576","0,0,351","34,351,387",3.36
"2.76,6.08,15.08","0.465242,0.502574,0.303935","12.16492226064209,106.11818782391225,15.66825021059526","0.4504035714285713,0.450285357142857,0.2975334999999999","13.958431676471616,39.84298531810767,318.6673043739215","26.123353937113706,145.96117314201993,334.3355545845168","0.023105714285714174,0.1030618571428572,0.012391857142857177","0,0,309","34,389,389",3.08
"2.76,6.2,15.16","0.354818,0.370023,0.300049","14.952254636774589,104.1748467097248,20.171294515393356","0.33756335714285707,0.3366003571428571,0.2914701428571428","11.935058742752519,42.18878632317619,319.79327610872673","26.887313379527107,146.363633032901,339.9645706241201","0.03015100000000004,0.06474585714285713,0.015775428571428607","0,0,309","34,351,351",0.12
"2.72,4.2,15.16","0.461715,0.468831,0.301196","15.46151929748598,47.10462814030547,17.050461645769246","0.4449220714285713,0.44103649999999994,0.2949741428571428","10.467355731389054,41.73526641153962,319.28556629834253","25.928875028875034,88.83989455184509,336.3360279441118","0.03365157142857145,0.05108328571428572,0.010908571428571379","0,0,309","34,398,398",2.2
"2.72,6.28,10.4","0.419782,0.439753,0.647478","15.287983516093965,17.569168341309535,58.95331016270282","0.4028472142857142,0.4354660714285713,0.5097089999999999","10.755376473418332,96.74585345370556,178.0830000430052","26.043359989512297,114.3150217950151,237.03631020570802","0.03293899999999994,0.012207571428571429,0.2739891428571428","0,0,0","34,122,393",5.16
"2.76,4.32,15.6","0.44336,0.460859,0.289672","15.256896845713149,80.49277574178745,20.760577440899283","0.42414635714285703,0.4252894999999999,0.28171771428571424","12.328936658280297,43.84524436255155,329.54094048010523","27.585833503993445,124.338020104339,350.3015179210045","0.033275000000000055,0.07215271428571429,0.01479457142857149","0,0,318","36,318,359",1.72
3.28,0.4447,31.4855744,0.429414286,16.60465116,48.09022556,0.032914286,0,400,1.28
3.52,0.4696,28.07839753,0.44555,26.03488372,54.11328125,0.040985714,8,400,1.56
3.64,0.4805,36.52417684,0.447414286,26.63861386,63.1627907,0.057857143,11,400,1.8
"3.24,12.56","0.3999,0.2143","51.097808105872616,15.67529411764707","0.37560714285714275,0.21234999999999996","18.99193548387097,254.26470588235298","70.08974358974359,269.94000000000005","0.045499999999999985,0.003757142857142848","2,246","372,372",0.16
3.56,0.4628,49.39725079,0.429335714,20.84493671,70.2421875,0.060471429,0,398,1.84
"3.48,13.56","0.4721,0.1332","43.177767354596654,5.708333333333201","0.4429642857142856,0.1320142857142857","21.355769230769226,286.41666666666674","64.53353658536588,292.12499999999994","0.057414285714285695,0.0010000000000000009","8,283","400,400",1.88
3.56,0.4901,43.61764115,0.4623,17.55696203,61.17460317,0.050257143,0,400,2
3.52,0.5184,39.28456453,0.488164286,24.88380282,64.16836735,0.054242857,0,400,2.28
3.76,0.6228,44.09111495,0.582635714,26.50518135,70.5962963,0.075185714,8,400,3.4
"3.72,12.24","0.4308,0.1979","48.56067753001714,19.975609756097526","0.4041071428571428,0.1962071428571428","25.393867924528315,251.52439024390242","73.95454545454545,271.49999999999994","0.05778571428571416,0.002928571428571475","0,247","400,400",0.4
"3.52,12.24,14.76","0.4735,0.2235,0.2058","37.87339349193337,5.472222222222371,17.66279069767438","0.4478357142857141,0.22155714285714279,0.20341428571428566","22.858490566037702,252.02777777777774,315.8372093023256","60.73188405797107,257.5000000000001,333.5","0.04241428571428568,0.001028571428571462,0.0020000000000000018","8,249,312","400,400,400",0.92
"3.56,8.4,15.48","0.3696,0.2585,0.1415","36.02175672940696,6.376838235294144,28.288949275362256","0.3482428571428571,0.2569428571428571,0.13602142857142854","25.19135802469138,156.52941176470588,329.3985507246377","61.213114754098335,162.90625000000003,357.68749999999994","0.048142857142857154,0.0011142857142857343,0.00904285714285713","8,154,318","318,318,400",0.28
"3.24,12.56","0.3999,0.2143","51.097808105872616,15.67529411764707","0.37560714285714275,0.21234999999999996","18.99193548387097,254.26470588235298","70.08974358974359,269.94000000000005","0.045499999999999985,0.003757142857142848","2,246","372,372",0.16
"3.72,8.36,13.64","0.4357,0.3286,0.2239","45.744047619047436,10.083783783783957,15.058743169398952","0.40435714285714275,0.32775714285714275,0.22132857142857137","26.160714285714278,154.21621621621614,282.41666666666663","71.90476190476171,164.3000000000001,297.4754098360656","0.06762857142857143,0.002514285714285691,0.0057142857142856995","8,145,271","360,360,360",0.08
3.56,0.4382,36.06421121,0.412264286,20.51271186,56.57692308,0.046757143,2,400,0.52
"3.72,12.24","0.446,0.2404","78.76111111111106,6.365740740740705","0.41326428571428564,0.2395571428571428","23.707142857142873,251.37500000000006","102.46825396825393,257.74074074074076","0.0701571428571428,0.0011999999999999789","0,249","400,400",0.4
3.48,0.5103,39.81787709,0.483085714,20.78212291,60.6,0.055485714,8,400,1.72
"3.64,8.4,13.64","0.5003,0.403,0.3432","37.91216601498867,14.999473684210557,50.03225806451616","0.46866428571428553,0.40049285714285704,0.33745714285714273","25.022177419354822,155.54,261.0","62.93434343434349,170.53947368421055,311.03225806451616","0.05595714285714276,0.003414285714285703,0.01165714285714281","8,150,247","400,400,400",1
"3.52,12.6,14.88","0.4443,0.3068,0.3099","35.377068014705856,26.612534489554633,46.12857142857172","0.4200642857142856,0.3029357142857142,0.3037571428571427","23.089843750000032,252.77118644067795,305.73809523809507","58.466911764705884,279.3837209302326,351.8666666666668","0.04252857142857147,0.0061571428571428055,0.00954285714285713","8,246,294","400,294,400",0.4
"4.44,8.88,13.36","0.4334,0.4101,0.3612","101.93646549528903,34.98348684756448,43.00952380952384","0.3856285714285713,0.39527857142857137,0.34102857142857135","22.779220779220765,151.995145631068,262.04761904761904","124.71568627450979,186.97863247863248,305.0571428571429","0.08979999999999994,0.02889999999999998,0.04477142857142852","6,136,241","345,345,345",0.68
"3.56,6.04,12.6","0.3725,0.3583,0.3027","131.53117505995192,30.410000000000096,22.248949579831617","0.3335928571428571,0.35555714285714274,0.2998071428571428","20.552158273381302,85.33999999999996,249.6617647058825","152.08333333333323,115.75000000000006,271.9107142857141","0.07332857142857141,0.005800000000000027,0.004642857142857115","0,71,235","400,400,400",0.2
"3.68,8.6,13.56","0.4081,0.3603,0.3065","98.76125605106459,24.21821475625825,19.43297101449275","0.36700714285714275,0.3560642857142856,0.30404999999999993","20.986055776892417,149.39772727272728,274.45833333333326","119.747311827957,173.61594202898553,293.891304347826","0.08358571428571426,0.007185714285714351,0.002757142857142847","0,140,264","367,367,367",0.24
"3.72,5.8,12.6","0.4726,0.4669,0.3783","112.43351898734176,27.475909090909028,24.349588719153815","0.4330857142857142,0.46449285714285704,0.37399999999999994","23.288000000000004,80.78409090909098,253.32432432432444","135.72151898734177,108.26,277.67391304347825","0.08539999999999992,0.009157142857142808,0.006371428571428583","0,65,246","400,400,400",2.6
"2.72,4.16,14.24","0.2199,0.22,0.1435","5.496002480093995,13.332568027210861,15.203734287116362","0.20924999999999994,0.19817857142857137,0.11902142857142853","5.523936170212754,22.32993197278911,142.70550847457628","11.019938650306749,35.66249999999997,157.90924276169264","0.010214285714285704,0.03710000000000002,0.048014285714285676","2,18,120","18,161,161",1.04
"2.72,4.16,16.8","0.1858,0.1809,0.0494","5.652070393374738,10.858049843646363,6.879736666797271","0.17602142857142852,0.16071428571428567,0.04052142857142856","5.392857142857145,22.34426229508197,182.99112426035504","11.044927536231883,33.20231213872833,189.8708609271523","0.01072857142857142,0.03428571428571431,0.014528571428571432","2,18,177","177,177,196",0.16
"4.24,13.68,16.56","0.2061,0.1364,0.1488","12.464633663366357,9.562572099978638,14.004466519386341","0.18704285714285707,0.1266928571428571,0.12114999999999997","22.871999999999993,140.9503311258278,176.53387703889587","35.33663366336635,150.51290322580644,190.5383435582822","0.0319142857142857,0.015385714285714266,0.053299999999999986","18,119,172","172,172,200",0.96
"4.16,15.12,16.88","0.2205,0.0794,0.0787","10.813660593138216,8.562780026990538,7.288549583371491","0.19787857142857135,0.0701142857142857,0.06977857142857141","22.465884861407247,159.11333333333334,182.75746268656715","33.27954545454546,167.67611336032388,190.04601226993864","0.03835714285714284,0.014514285714285702,0.014042857142857149","18,155,176","176,176,196",0.24
"4.16,10.16,16.96","0.1636,0.0959,0.0688","10.823628016839066,6.838624338624328,15.208612440191388","0.14856428571428568,0.09022857142857141,0.060885714285714265","22.109120521172635,98.01851851851852,178.23684210526315","32.9327485380117,104.85714285714285,193.44545454545454","0.025728571428571434,0.006285714285714283,0.013285714285714283","17,95,165","165,165,200",0.24
"4.08,10.16,15.44","0.1975,0.124,0.0982","9.908210007047206,7.375257731958769,6.068426371797159","0.1802285714285714,0.11747142857142853,0.09273571428571425","22.122093023255818,97.82474226804123,164.96067415730337","32.030303030303024,105.2,171.02910052910053","0.026485714285714307,0.007771428571428554,0.005214285714285713","18,95,161","180,180,180",0.16
"4.08,10.16,12.72","0.1937,0.1293,0.1214","9.668488160291446,8.599387156941091,9.466018884497146","0.1740571428571428,0.12065714285714284,0.11617857142857141","22.13888888888889,97.6043165467626,129.2663043478261","31.807377049180335,106.2037037037037,138.73232323232324","0.029457142857142876,0.011200000000000015,0.0087","18,93,124","124,124,144",0.32
"4.16,12.4,15.84","0.199,0.41,0.076","10.159243262698517,12.183305551756362,8.708038379530933","0.18017142857142854,0.2367214285714285,0.06587857142857141","22.413978494623656,123.48184523809523,168.36285714285714","32.57322175732217,135.6651507898516,177.07089552238807","0.03062857142857142,0.27295714285714273,0.014242857142857147","18,94,163","94,200,200",0.32
"4.24,10.56,12.08","0.1244,0.1973,0.1383","11.123045878545593,10.300876298822502,10.190498010054455","0.10074285714285712,0.13037142857142853,0.11354999999999998","23.232941176470586,101.66550218340612,120.8679435483871","34.35598705501618,111.96637848222862,131.05844155844156","0.03908571428571428,0.10837142857142854,0.04087142857142856","19,96,117","96,196,196",4.88
"2.64,4.16,16.08","0.1353,0.1202,0.3071","6.327977819085617,11.201844757689589,23.81847864145658","0.11990714285714282,0.09849285714285712,0.2330928571428571","4.4744094488188955,22.38198757763975,164.20756302521008","10.802387267904512,33.58383233532934,188.02604166666666","0.017414285714285715,0.03761428571428568,0.1406428571428571","0,18,18","18,94,200",5.84
"2.56,4.08,14.64","0.1795,0.1645,0.337","6.846799352199104,9.04018379569078,25.30164261259253","0.1647642857142857,0.13789999999999997,0.18783571428571424","3.0589285714285777,21.46232876712329,143.67797695262485","9.905727923627682,30.50251256281407,168.97961956521738","0.02141428571428569,0.04259999999999997,0.27661428571428565","0,17,107","107,107,200",2.88
"4.08,12.4,16.88","0.2027,0.1002,0.0689","9.150769230769235,12.570807005875182,10.242112299465248","0.17852857142857137,0.0721142857142857,0.05767857142857141","21.613333333333333,125.20876288659794,180.85681818181817","30.76410256410257,137.77956989247312,191.09893048128342","0.039114285714285685,0.042028571428571415,0.019528571428571416","17,109,169","169,169,198",0.16
"4.24,5.76,12.32","0.0276,0.0147,-0.0069","9.968016163138113,24.59911944005418,9.506786006786001","0.006828571428571427,0.006314285714285713,-0.01778571428571428","22.99017199017199,41.35436893203884,123.65151515151516","32.958188153310104,65.95348837209302,133.15830115830116","0.032057142857142853,0.015971428571428567,0.018942857142857136","19,37,96","176,176,176",3.92
"4.08,5.6,12.4","0.038,0.0191,0.0339","9.114335648766588,26.470437166911246,47.43652597402598","0.013442857142857138,0.007935714285714286,0.001828571428571426","21.984649122807017,39.77336448598131,120.02597402597402","31.098984771573605,66.24380165289256,167.4625","0.03662857142857141,0.018128571428571424,0.05622857142857142","18,35,93","199,93,199",5.04
4.48,0.271429,89.07508519,0.179368143,19.74251341,108.8175986,0.184121714,0,400,3.36
"4.44,11.88","0.242857,0.001045","87.32668459251374,18.33301435406699","0.15614707142857143,0.0","20.04102453215916,236.5","107.3677091246729,254.833014354067","0.17242414285714283,0.0020899999999999994","0,226","400,400",4
"2.36,5.88","0.145746,0.027197","6.263493505366146,220.94949632190784","0.10888621428571427,-0.003287357142857144","5.022219212568315,35.300100380010036","11.28571271793446,256.2495967019179","0.0533972857142857,0.06096871428571427","0,19","394,394",3.44
"2.36,11.8,15.28","0.145251,0.122905,0.058659","5.872592773149834,106.79995704159805,13.250827832591597","0.11502392857142854,0.07482049999999998,0.05426949999999999","5.791692356649892,172.50000000000003,323.99937354573115","11.664285129799726,279.2999570415981,337.25020137832274","0.04329585714285711,0.09616899999999998,0.007981000000000002","0,19,317","19,360,360",1.28
6.8,0.232019,31.5,0.219589357,104.25,135.75,0.024859286,90,347,4.76
"5.24,6.36,13.36","0.034112,-0.000935,-0.367757","13.639088360414732,24.334106240850815,10.23590391639442","0.014252071428571425,-0.003521499999999999,-0.4001334999999999","74.61101864181092,100.41653588243686,279.3095320588595","88.25010700222565,124.75064212328768,289.5454359752539","0.030374142857142846,0.005172999999999999,0.04739642857142856","66,98,269","269,269,296",0.36
"3.32,13.96,17.72","0.247355,0.943742,0.464129","9.239167728140345,12.2400140450776,7.8749365687133945","0.21754849999999992,0.9167419285714283,0.4525162142857142","28.466687169393524,293.2812495194747,389.1250403653642","37.70585489753387,305.5212635645523,396.9999769340776","0.03793499999999997,0.054774428571428446,0.013160999999999978","22,290,371","45,371,400",3.64
"9.24,11.96,15.88","0.266323,0.149806,0.432968","71.7028087632464,10.104167945958864,27.29616343275626","0.13838699999999995,0.1439031428571428,0.3029999285714285","164.7970989688075,244.4375346004798,335.0288356446324","236.49990773205388,254.54170254643867,362.32499907738867","0.2527742857142857,0.012580571428571441,0.22587099999999993","146,239,146","280,280,400",4.76
2.36,0.435645,9.250037532,0.432791929,4.999849805,14.24988734,0.004279857,0,378,2.12
3.8,0.428988,82.19610382,0.398078286,16.37514082,98.57124464,0.061819429,0,367,3.32
3.68,0.465603,46.75020653,0.455735929,4.062373263,50.8125798,0.020209857,0,400,1.88
"4.0,8.28,15.32","0.073055,0.034669,0.044006","51.254126082251084,36.94225708866995,47.916559574077496","0.06295799999999999,0.025914999999999994,0.02129271428571428","15.342329545454554,143.2556545579164,308.0238663484487","66.59645562770564,180.19791164658633,355.9404259225262","0.020193999999999997,0.017655714285714278,0.04468485714285713","0,128,245","400,245,400",1.2
"3.88,8.32,15.36","0.07928,0.033112,0.03","41.432556260785375,28.82744279909383,68.85128251440761","0.06999807142857142,0.02714692857142857,0.004026285714285715","23.773045916579083,145.9374698795181,287.2487945998071","65.20560217736445,174.76491267861192,356.10007711421474","0.01767357142857144,0.011337857142857143,0.05165085714285712","0,126,248","400,400,400",5.68
"3.76,8.48,15.36","0.076686,0.042709,0.042709","52.5262007968347,35.09184962691552,48.145561485002986","0.06582021428571427,0.03364957142857142,0.023738071428571424","16.93026992287919,145.28916396103895,305.73691152597405","69.45647071971389,180.38101358795447,353.88247301097704","0.02173157142857142,0.01811885714285714,0.037534142857142856","0,131,251","396,396,396",3.88
"9.2,10.8,12.84","0.068779,0.047344,0.04548","22.8670935339818,12.809523809523796,17.745202928738195","0.056796642857142844,0.04541342857142856,0.03892271428571428","167.83303523519945,212.83333333333334,257.9166666666667","190.70012876918125,225.64285714285714,275.6618695954049","0.020503000000000007,0.0046599999999999975,0.012582000000000003","154,205,241","338,338,338",5.84
"10.96,12.76,14.4","0.013793,0.012861,-0.013234","24.654041164008362,22.88104545106151,21.666666666666686","0.005771642857142855,0.009266142857142853,-0.01669571428571428","214.9690811535882,253.33333333333334,300.0","239.62312231759657,276.21437878439485,321.6666666666667","0.014444999999999996,0.007189714285714281,0.006657142857142853","206,242,290","342,342,342",6.24
10.48,-0.035601,65.09774678,-0.045586214,201.9003755,266.9981223,0.019171571,192,348,5.6
"2.56,5.92,11.2","-0.010661,0.021322,-0.040085","17.749975574010755,85.27826993225639,48.20587103490058","-0.015778285714285713,-0.0017971428571428583,-0.04543092857142856","7.250024425989252,55.666232412714955,207.84391792867612","25.000000000000007,140.94450234497134,256.0497889635767","0.009138285714285719,0.046238285714285704,0.010691857142857128","0,0,203","35,400,400",2
"4.4,11.48,13.0","0.276074,0.603911,0.485046","53.9031265592407,40.84573061124209,11.88312091899013","0.2466314285714285,0.37645149999999994,0.4124670714285713","29.68768338006128,222.74730787782252,270.5714281278913","83.59080993930198,263.5930384890646,282.4545490468814","0.05778942857142855,0.41821871428571417,0.1462532857142857","18,125,267","125,387,387",7.08
"5.48,9.44,11.96","0.067031,0.091085,0.177586","29.597844692843978,38.33581282269222,27.561111767375166","0.04046621428571427,0.05698664285714285,0.10947221428571427","74.08567016676962,169.10724212476836,237.37937618815295","103.6835148596136,207.44305494746058,264.9404879555281","0.05048642857142854,0.0651572857142857,0.13536842857142856","29,122,122","121,223,278",2.76
9.08,0.080591,78.94289019,0.048586929,148.0586878,227.001578,0.064008143,134,390,5.32
12.88,0.793963,41.58879813,0.792453429,250.496144,292.0849421,0.002907714,214,380,14.92
"9.32,13.76,17.68","0.032197,0.03907,0.02593","25.81505896012169,38.564159891188865,8.023078881974243","0.02480364285714285,0.02250778571428571,0.021843357142857137","168.56005144440047,275.77339885231845,388.2234444155168","194.37511040452216,314.3375587435073,396.246523297491","0.014671285714285717,0.03196957142857142,0.0047075714285714325","153,256,360","254,360,400",2.4
"3.16,4.88,16.4","0.248677,0.242372,-0.027293","85.96321656321943,7.575000000000003,49.916666666666686","0.18815478571428568,0.24164449999999993,-0.035052999999999994","11.773009095428893,67.875,337.8333333333333","97.73622565864832,75.45,387.75","0.12062871428571423,0.0015935714285714442,0.015104285714285712","0,62,309","400,400,400",2.8
"2.96,4.04,4.8","0.230489,0.225882,0.230974","113.18575815847488,10.437451677748598,26.72729607523962","0.15901992857142855,0.21737685714285707,0.21689171428571424","7.234578900032243,45.343796711509704,65.25648399348889","120.42033705850713,55.7812483892583,91.9837800687285","0.14619528571428575,0.017356571428571443,0.02082085714285714","0,40,40","400,60,400",4.36
"2.84,3.68,11.16","0.320459,0.292086,0.019753","54.07612278391098,8.310037518624036,19.511538461538464","0.2662069285714285,0.2756471428571428,0.012997642857142853","7.231584772983774,38.29530179551284,220.03846153846155","61.307707556894755,46.60533931413688,239.55","0.10129728571428567,0.01666342857142855,0.012263571428571424","0,35,211","400,400,400",4.16
6.4,0.121946,145.6245304,0.076697,52.87513812,198.4996685,0.090498,0,301,3.64
"4.96,15.68","0.273861,0.216238","106.55889477256056,72.72547155208775","0.2055232857142857,0.20456864285714282","24.10473157415833,307.917110799439","130.6636263467189,380.64258235152676","0.1361662857142857,0.023168999999999995","0,199","198,400",3.04
"3.84,7.76,15.88","0.389958,0.256436,0.148939","19.149877926656586,39.16553755522823,24.429617398169285","0.38211771428571417,0.25251585714285707,0.14497849999999995","33.10005303164223,124.58409425625918,331.4991163475699","52.24993095829882,163.7496318114874,355.9287337457392","0.016003428571428613,0.007840285714285744,0.007920999999999984","21,114,321","400,400,400",3.28
"3.96,8.12","0.440877,0.345827","28.61294508573188,42.22926530212024","0.3916953571428571,0.30957764285714273","36.52588834034255,136.37498421916422","65.13883342607443,178.60424952128446","0.09399871428571427,0.0708827142857143","5,118","351,351",2.36
"14.04,14.12,17.32","0.176096,0.176096,0.184017","38.278197802553734,38.278197802553734,18.273673632384657","0.15847628571428568,0.15847628571428568,0.17108521428571422","285.5553809897879,285.5553809897879,375.14288870652103","323.83357879234165,323.83357879234165,393.4165623389057","0.034916571428571436,0.034916571428571436,0.02295385714285711","243,243,243","346,346,400",5.96
4.88,0.113824,30.58333333,0.109420429,54.25,84.83333333,0.008807143,37,397,5.96
"4.2,16.92","0.222026,0.031718","15.14333582832051,12.083154653707027","0.2161736428571428,0.02869714285714285","49.85704248189386,367.25009458948165","65.00037831021437,379.3332492431887","0.009817285714285723,0.005286285714285712","45,363","400,400",7.04
"7.52,9.2","0.031279,0.029101","5.086151593818556,8.738990938811042","0.025743357142857137,0.02378114285714285","135.16215182124273,175.31281913464122","140.2483034150613,184.05181007345226","0.003535285714285713,0.006664285714285713","132,169","146,211",4.6
7.48,0.060606,28.56001158,0.055025571,114.1293424,142.6893539,0.010935143,107,221,6.16
"8.84,12.12,15.72","0.046073,-0.01466,0.026178","72.43274199267313,7.791520221905159,76.48801917689065","0.008040428571428566,-0.019334571428571423,0.008152642857142855","131.4422978035701,249.67300910960915,304.5833996498488","203.87503979624324,257.4645293315143,381.07141882673943","0.07337285714285713,0.0066568571428571414,0.03545242857142856","93,243,243","243,264,400",4.36
"8.36,13.84,16.4","0.00366,0.055948,0.086275","21.621247378651617,21.37522709315732,44.27245066504389","-0.007282999999999999,0.04791771428571428,0.06446321428571428","150.61099305850686,286.37482071713146,342.9092845344693","172.23224043715848,307.7500478102888,387.1817351995132","0.022184857142857138,0.013968571428571427,0.04093385714285714","67,67,67","179,326,400",4.12
"4.16,6.2,16.44","0.027327,0.021622,0.045495","51.365296149482624,21.318049320269083,52.58878625339139","0.018607857142857134,0.01965921428571428,0.04130714285714285","27.170019835647487,91.87562437562437,323.12416745956233","78.53531598513011,113.19367369589345,375.7129537129537","0.017223999999999993,0.003882428571428568,0.0077328571428571455","8,84,186","185,185,386",7.04
"8.6,13.56,16.48","0.091331,0.086089,0.046774","56.49999999999997,13.400032702894237,14.593523461597101","0.08234471428571427,0.07682185714285711,0.03301421428571428","148.5,281.8499809233117,354.62507154031056","204.99999999999997,295.25001362620594,369.21859500190766","0.017972571428571435,0.01853428571428571,0.029017285714285707","141,229,346","346,346,377",8.6
"5.6,8.28,10.44","0.134762,0.14619,0.108095","27.465156455324788,106.50115802980758,34.79335982523364","0.11865649999999997,0.10006799999999998,0.08464292857142855","74.85619354467522,68.51806497318086,196.73783548453184","102.32135000000001,175.01922300298844,231.53119530976548","0.030034142857142843,0.08680257142857142,0.045408142857142834","49,49,187","114,265,265",5.16
5.44,0.158042,62.74875156,0.147340214,48.62562422,111.3743758,0.021097857,23,373,4.92
"5.6,9.24,17.24","0.005714,0.010162,-0.023801","15.494289506054628,123.91736729310912,24.086239715243494","0.0028407142857142854,-0.003007357142857143,-0.034558214285714275","79.76458606139968,129.34953016815035,371.47265941181763","95.25887556745431,253.26689746125948,395.5588991270611","0.00557342857142857,0.026338714285714278,0.02070642857142856","75,112,352","112,352,400",5.36
"2.68,6.44,16.92","0.160637,0.079878,-0.029968","16.83502399881899,26.140627045227987,27.112678578084456","0.10380371428571425,0.06351464285714284,-0.0455832857142857","10.199298770879293,96.32427075542259,357.81150793650795","27.034322769698285,122.46489780065058,384.9241865145924","0.11113714285714281,0.032107,0.02968142857142856","0,76,344","400,400,400",5.32
4.88,0.113824,30.58333333,0.109420429,54.25,84.83333333,0.008807143,37,397,5.96
"4.2,16.92","0.222026,0.031718","15.14333582832051,12.083154653707027","0.2161736428571428,0.02869714285714285","49.85704248189386,367.25009458948165","65.00037831021437,379.3332492431887","0.009817285714285723,0.005286285714285712","45,363","400,400",7.04
7.48,0.060606,28.56001158,0.055025571,114.1293424,142.6893539,0.010935143,107,221,6.16
"8.84,12.12,15.72","0.046073,-0.01466,0.026178","72.43274199267313,7.791520221905159,76.48801917689065","0.008040428571428566,-0.019334571428571423,0.008152642857142855","131.4422978035701,249.67300910960915,304.5833996498488","203.87503979624324,257.4645293315143,381.07141882673943","0.07337285714285713,0.0066568571428571414,0.03545242857142856","93,243,243","243,264,400",4.36
"8.36,13.84,16.4","0.00366,0.055948,0.086275","21.621247378651617,21.37522709315732,44.27245066504389","-0.007282999999999999,0.04791771428571428,0.06446321428571428","150.61099305850686,286.37482071713146,342.9092845344693","172.23224043715848,307.7500478102888,387.1817351995132","0.022184857142857138,0.013968571428571427,0.04093385714285714","67,67,67","179,326,400",4.12
"4.16,6.2,16.44","0.027327,0.021622,0.045495","51.365296149482624,21.318049320269083,52.58878625339139","0.018607857142857134,0.01965921428571428,0.04130714285714285","27.170019835647487,91.87562437562437,323.12416745956233","78.53531598513011,113.19367369589345,375.7129537129537","0.017223999999999993,0.003882428571428568,0.0077328571428571455","8,84,186","185,185,386",7.04
"8.6,13.56,16.48","0.091331,0.086089,0.046774","56.49999999999997,13.400032702894237,14.593523461597101","0.08234471428571427,0.07682185714285711,0.03301421428571428","148.5,281.8499809233117,354.62507154031056","204.99999999999997,295.25001362620594,369.21859500190766","0.017972571428571435,0.01853428571428571,0.029017285714285707","141,229,346","346,346,377",8.6
"5.6,8.28,10.44","0.134762,0.14619,0.108095","27.465156455324788,106.50115802980758,34.79335982523364","0.11865649999999997,0.10006799999999998,0.08464292857142855","74.85619354467522,68.51806497318086,196.73783548453184","102.32135000000001,175.01922300298844,231.53119530976548","0.030034142857142843,0.08680257142857142,0.045408142857142834","49,49,187","114,265,265",5.16
5.44,0.158042,62.74875156,0.147340214,48.62562422,111.3743758,0.021097857,23,373,4.92
"5.6,9.24,17.24","0.005714,0.010162,-0.023801","15.494289506054628,123.91736729310912,24.086239715243494","0.0028407142857142854,-0.003007357142857143,-0.034558214285714275","79.76458606139968,129.34953016815035,371.47265941181763","95.25887556745431,253.26689746125948,395.5588991270611","0.00557342857142857,0.026338714285714278,0.02070642857142856","75,112,352","112,352,400",5.36
11.44,0.190561,145.2852254,0.1825765,165.2147746,310.5,0.015969,0,391,6.84
3.44,0.175656,20.58450704,0.174262286,27.16619718,47.75070423,0.002585143,0,58,5.96
2.64,0.201561,22.10086657,0.199989714,4.499471645,26.60033822,0.003142571,0,65,5.92
"2.52,2.96,14.68","0.355469,0.316406,0.269531","5.40317602217039,7.128827588145164,25.62056822815771","0.2848772857142856,0.2770648571428571,0.16406242857142855","10.39682397782961,20.775014400000007,307.4905618455118","15.8,27.90384198814517,333.11113007366953","0.04575914285714289,0.06808028571428576,0.2008928571428571","7,7,286","19,244,354",3.56
"2.48,3.24,13.4","0.568648,0.565061,0.070184","14.877783019423749,5.106722678463878,25.08378067484665","0.5249744285714284,0.5208759999999999,0.043032357142857136","7.7578123638391645,28.562503734687784,269.66634132738426","22.635595383262913,33.66922641315166,294.7501220022309","0.07658799999999999,0.05455942857142859,0.05327871428571427","4,26,243","387,387,387",1.12
"5.36,8.96,15.08","0.01167,0.011429,0.020241","48.5937676877267,26.928971070216704,50.32841531319184","-0.007568357142857139,-0.0022433571428571424,-0.0033342857142857132","53.70951362907536,159.37518825301206,295.9434375","102.30328131680206,186.30415932322876,346.27185281319186","0.03794214285714284,0.026464428571428566,0.04659971428571427","27,113,206","206,206,377",6.48
"4.88,13.44,15.6","0.221193,0.09465,0.100823","24.814763576113684,28.999956822046556,29.431793914043226","0.13587592857142855,0.06092014285714284,0.06569664285714284","59.355250031973405,270.97728979808244,328.31818583484295","84.17001360808709,299.977246620129,357.7499797488862","0.15623157142857141,0.06569657142857141,0.06437385714285712","25,256,256","256,314,376",5.4
10.36,0.134097,50,0.132808,184.5,234.5,0.002578,161,355,5.56
11.64,0.126791,119.5990162,0.1149715,179.9006515,299.4996677,0.023639,129,400,6.96
10.4,0.115186,97.70833333,0.111103,155.1666667,252.875,0.008166,124,400,8.4
11.4,0.118589,107.8,0.111702,171.7,279.5,0.013774,127,400,7.84
11.04,0.120605,106.175,0.113718,169.125,275.3,0.013774,126,390,7.44
11.36,0.038657,111.5008839,0.0310185,182.7492634,294.2501473,0.015277,132,400,5.84
11.68,0.037809,107.0019143,0.030957929,200.7485277,307.750442,0.013702143,144,400,5.28
11.84,0.039506,113.6688137,0.0335645,191.3318932,305.0007069,0.011883,144,400,5.36
"2.68,6.76,16.88","0.155652,0.060994,0.005342","13.858526610091547,37.99344883682882,30.472603413178717","0.09318528571428569,0.03902399999999999,-0.017284857142857137","11.688752015404068,99.0652725522793,354.74445438282646","25.547278625495615,137.05872138910811,385.2170577960052","0.10569657142857142,0.04251999999999999,0.04049685714285713","0,74,338","400,400,400",4.52
"7.8,10.72,16.08","0.108838,0.059738,-0.09329","55.16849683986747,26.988277783221207,15.7588111014947","0.0828850714285714,0.03790621428571428,-0.10346035714285712","98.86659877800408,200.10392057026476,343.2999511181718","154.03509561787155,227.09219835348597,359.0587622196665","0.04629414285714284,0.03641557142857142,0.018704714285714297","46,190,328","328,328,366",6.92
"6.0,15.56,17.12","0.042553,-0.048282,0.048282","12.024945007943302,10.23042916013992,20.625166960633806","0.03594821428571428,-0.05284064285714284,-0.0019582142857142854","94.3500549920567,335.93627145085804,367.13369614641357","106.375,346.16670061099796,387.7588631070474","0.010872142857142858,0.007715285714285716,0.08551585714285712","88,286,286","285,353,400",6.52
"8.4,14.88,16.72","-0.0982,-0.135025,-0.140753","18.490991088474118,102.75246902120494,16.974945157855416","-0.1326278571428571,-0.1542846428571428,-0.1539045714285714","151.17049936121757,235.03093492208984,359.1841394391562","169.66149044969168,337.7834039432948,376.1590845970116","0.062192857142857105,0.03805185714285714,0.02513399999999999","141,196,350","390,390,390",5.24
"11.28,13.52,14.8","-0.094675,-0.064793,-0.065385","35.65062729664217,14.388343217426325,131.8354900823922","-0.11642014285714283,-0.08148771428571426,-0.15304307142857138","208.5594720746821,281.2077956281275,200.1564806511692","244.21009937132428,295.5961388455538,331.9919707335614","0.04196942857142856,0.02789514285714284,0.17472528571428567","174,174,174","256,304,365",3.88
"4.08,7.56,17.48","0.125444,0.072189,-0.018343","8.26269389955766,83.8055337528237,17.647578523881748","0.1144970714285714,0.04890107142857142,-0.029142142857142853","48.157860796086275,122.55166083916085,377.97528675126057","56.420554695643936,206.35719459198455,395.6228652751423","0.017920714285714276,0.04666099999999999,0.020245142857142854","44,99,343","343,343,400",1.76
"7.24,13.4,14.88","0.013018,-0.035799,0.017456","35.26170931916948,20.60628993425877,16.79169975094254","-0.004902785714285714,-0.10048614285714283,-0.08615807142857142","109.14296636085626,274.0402877006376,311.856480418953","144.40467568002575,294.64657763489635,328.64818016989557","0.034826428571428564,0.12607771428571424,0.20097214285714282","97,259,259","259,303,341",4.64
"7.56,11.8,16.8","0.046885,0.219692,0.042063","11.718494038361854,35.988290665924154,23.847439171813335","0.03683849999999999,0.12200742857142854,0.03801535714285713","133.81257128045618,228.2707931570762,357.5277163395079","145.53106531881804,264.25908382300037,381.3751555113212","0.020092999999999996,0.19364685714285712,0.008095285714285715","100,100,327","188,317,386",6.36
"6.6,11.8,17.08","0.022822,0.026722,0.009551","60.73909771329228,221.37908864677706,12.732377227882864","0.018840428571428567,0.013999499999999995,0.007995642857142856","89.55742169768497,73.81461466165412,370.6428283642224","150.29651941097725,295.19370330843117,383.37520559210526","0.007905142857142859,0.02545957142857142,0.0027349999999999987","0,0,364","178,400,400",3.52
"3.36,11.92","0.032123,0.020204","49.750000000000064,39.74907485882284","0.030703999999999988,0.015299071428571426","14.749999999999979,220.7511013215859","64.50000000000004,260.50017618040874","0.0028380000000000037,0.009323857142857142","1,182","400,400",4.72
"4.32,10.68,16.76","0.161587,0.483318,0.739405","12.856831683168352,39.12231988225838,27.545645786268494","0.15602228571428567,0.28092214285714284,0.5737471428571428","50.28594059405938,200.79713244613436,357.04835273368604","63.142772277227735,239.91945232839274,384.59399851995454","0.008862571428571414,0.40396742857142853,0.32657485714285717","42,140,299","138,298,400",8.8
"2.32,6.76","0.096694,0.174793","8.92497848851573,94.20163841013334","0.08987614285714284,0.11856542857142854","3.9499879002984617,71.18735504688917","12.874966388814192,165.3889934570225","0.010448571428571418,0.11033057142857139","0,29","29,266",1.76
"2.36,9.44,16.08","0.029367,0.026739,0.112655","10.995041224970553,23.317000373669373,6.533692002057592","0.025150357142857137,0.024269357142857134,0.11078499999999997","3.4762661955241465,178.5587721850451,349.39269729093047","14.4713074204947,201.87577255871446,355.92638929298806","0.007277285714285715,0.0045338571428571416,0.0018917142857142882","0,89,89","89,217,359",2.32
"6.64,14.96,17.2","0.233856,0.289342,0.226803","21.69898623700287,110.71560722188184,16.824045372086175","0.2215125714285714,0.24062357142857135,0.21634014285714281","104.76536458333335,238.86250531688643,373.1582404565768","126.46435082033622,349.57811253876827,389.98228582866295","0.023880571428571445,0.09488342857142856,0.02018600000000001","81,81,367","137,400,400",3.12
"3.48,6.68,13.04","0.2221,0.198589,0.202351","13.005816952967294,21.453970926172758,69.49969626786424","0.21165471428571425,0.17707678571428564,0.17835321428571424","32.28572048611112,106.13084020416174,253.62517089472885","45.29153743907841,127.5848111303345,323.1248671625931","0.0184054285714286,0.0401364285714286,0.04779442857142857","28,75,183","370,183,370",4.76
"6.56,13.16,17.48","0.168025,0.189185,0.143574","20.76363497320348,39.1702130855586,10.210330921298976","0.15087899999999996,0.15925907142857137,0.12733414285714284","102.96880815241472,260.80975288636824,382.3863341342834","123.7324431256182,299.97996597192684,392.5966650555824","0.03113514285714286,0.05743357142857142,0.02475371428571428","87,87,364","191,364,400",5.16
"3.92,7.4,10.2","0.382291,0.12358,0.097401","10.437521436625481,11.81813313454444,27.23809523809524","0.35935664285714275,0.10532107142857139,0.07804199999999999","42.65281936577798,129.0000231910946,192.42857142857142","53.09034080240346,140.81815632563905,219.66666666666666","0.03618871428571435,0.031238428571428556,0.035197999999999986","38,108,168","342,342,342",1.84
"3.96,9.92,13.88","0.38845,0.115881,0.320693","6.252443875987744,18.488577098804996,29.42073853734678","0.3651862857142857,0.09916149999999999,0.1511342857142857","45.353441712571104,189.11129951655963,283.3592538433417","51.60588558855885,207.59987661536462,312.7799923806885","0.02936885714285714,0.029918999999999987,0.31293857142857134","42,154,265","342,264,342",5.52
"7.24,13.4,14.92","-0.001155,-0.042733,0.008085","36.40070138979087,19.717750133660104,15.431110236934842","-0.015784499999999996,-0.10675099999999998,-0.09036149999999997","109.09968827120406,275.749990450361,314.8273550352251","145.50038966099493,295.4677405840211,330.2584652721599","0.028378999999999995,0.12011599999999997,0.19249299999999994","96,257,257","256,303,342",2.92
"4.24,13.28,14.2","0.225503,0.61745,0.641611","39.52740858592982,6.6994489761497675,25.810814591575593","0.1806329285714285,0.4617449999999999,0.39961649999999993","22.076977077363892,278.9176944891546,292.66666436730867","61.60438566329371,285.61714346530437,318.47747895888426","0.08398842857142857,0.14918542857142858,0.4663469999999999","14,248,248","68,290,371",2.72
"2.52,15.2,16.36","0.467114,0.12349,0.085906","20.935280208308004,13.685195149207402,9.42895977786111","0.2615533571428571,0.06960699999999999,0.05369142857142856","5.906806997118802,323.0,354.3043647258887","26.842087205426807,336.6851951492074,363.7333245037498","0.4065195714285713,0.10009571428571426,0.060594571428571414","0,267,348","267,399,399",4.64
6.4,0.121946,145.6245304,0.076697,52.87513812,198.4996685,0.090498,0,301,3.64
"4.96,15.68","0.273861,0.216238","106.55889477256056,72.72547155208775","0.2055232857142857,0.20456864285714282","24.10473157415833,307.917110799439","130.6636263467189,380.64258235152676","0.1361662857142857,0.023168999999999995","0,199","198,400",3.04
"3.84,7.76,15.88","0.389958,0.256436,0.148939","19.149877926656586,39.16553755522823,24.429617398169285","0.38211771428571417,0.25251585714285707,0.14497849999999995","33.10005303164223,124.58409425625918,331.4991163475699","52.24993095829882,163.7496318114874,355.9287337457392","0.016003428571428613,0.007840285714285744,0.007920999999999984","21,114,321","400,400,400",3.28
"3.96,8.12","0.440877,0.345827","28.61294508573188,42.22926530212024","0.3916953571428571,0.30957764285714273","36.52588834034255,136.37498421916422","65.13883342607443,178.60424952128446","0.09399871428571427,0.0708827142857143","5,118","351,351",2.36
"14.04,14.12,17.32","0.176096,0.176096,0.184017","38.278197802553734,38.278197802553734,18.273673632384657","0.15847628571428568,0.15847628571428568,0.17108521428571422","285.5553809897879,285.5553809897879,375.14288870652103","323.83357879234165,323.83357879234165,393.4165623389057","0.034916571428571436,0.034916571428571436,0.02295385714285711","243,243,243","346,346,400",5.96
4.88,0.113824,30.58333333,0.109420429,54.25,84.83333333,0.008807143,37,397,5.96
"4.2,16.92","0.222026,0.031718","15.14333582832051,12.083154653707027","0.2161736428571428,0.02869714285714285","49.85704248189386,367.25009458948165","65.00037831021437,379.3332492431887","0.009817285714285723,0.005286285714285712","45,363","400,400",7.04
"11.92,14.88,16.44","-0.006615,-0.020623,-0.015175","22.400154202004614,15.219389632476407,19.62069391582935","-0.010505999999999998,-0.02408285714285714,-0.022651428571428565","234.0,314.8055396916048,349.9070045421946","256.4001542020046,330.0249293240812,369.52769845802396","0.007003999999999998,0.005586000000000001,0.013507714285714286","223,303,303","303,338,379",7.44
"2.44,3.88,8.76","0.14878,0.042276,0.053659","7.074767692936492,12.713078605145022,112.6871865834043","0.09715442857142853,0.020934857142857137,0.023606357142857137","6.077347540671676,40.557763269940395,140.37508278928942","13.152115233608168,53.27084187508542,253.06226937269372","0.06957028571428568,0.03408799999999999,0.05511042857142856","0,19,19","396,60,396",2.96
"5.6,8.64,11.04","0.091057,0.10122,0.145528","20.973774539729618,13.209161727980899,54.183593002596695","0.0652727857142857,0.07186399999999998,0.08225871428571427","82.79118458044982,158.8408438629841,194.85410687440208","103.76495912017944,172.050005590965,249.03769987699877","0.04878099999999999,0.04860657142857142,0.12258971428571425","19,19,19","117,179,361",6.64
6.6,0.031602,78,0.0235905,64.5,142.5,0.016023,47,163,3
"4.52,9.08,14.32","0.015263,0.015263,-0.070409","15.533334138914228,201.06296576196797,22.108022416151528","-0.008124071428571427,-0.031054571428571418,-0.0855312857142857","56.05000725373567,51.30711425752916,292.0627062706271","71.5833413926499,252.37008001949712,314.1707286867786","0.04255471428571427,0.09263514285714283,0.030667428571428554","39,39,276","82,400,400",4
"2.48,9.28,17.08","-0.051699,0.028065,-0.342196","9.535561196116461,161.4990114512239,17.598034479930504","-0.08377292857142855,-0.0496587857142857,-0.39276928571428565","6.138857545839211,46.072387760555856,368.055570182037","15.674418741955671,207.57139921177978,385.6536046619675","0.05387928571428571,0.15291557142857137,0.09383142857142857","0,21,358","21,395,395",4.44
"2.48,14.12,17.08","0.342688,-0.115707,-0.13934","7.472307936260831,27.691176571022027,18.51941440984058","0.28676914285714283,-0.14781592857142856,-0.18372378571428566","8.564231738035266,284.0416643159379,365.67107161945484","16.036539674296098,311.73284088695993,384.1904860292954","0.06443028571428572,0.061123857142857146,0.08651642857142852","4,274,355","394,394,394",3.8
"4.52,10.32,12.68","0.037017,0.048202,-0.059654","14.560607452900136,32.76166269987371,16.064869579511026","0.035381428571428564,0.02170421428571428,-0.10749485714285711","53.25164319248827,183.98209735818693,258.33700560766215","67.8122506453884,216.74376005806064,274.4018751871732","0.0029671428571428626,0.05155042857142856,0.0839642857142857","45,144,247","144,247,288",4
"2.48,11.6","0.068584,0.135841","11.349581951539502,143.86438395357237","0.06703557142857142,0.0958122857142857","5.900135562584747,133.1457627118644","17.24971751412425,277.01014666543676","0.0025917142857142805,0.07955114285714285","0,50","49,400",4.28
"4.56,15.08","0.022609,0.231304","10.833433157642553,38.9393304038544","0.02022349999999999,0.2221114999999999","57.99988021082894,311.1869721473494","68.8333133684715,350.1263025512038","0.005963285714285713,0.01798757142857141","51,142","142,374",3.84
"5.8,11.64,16.76","0.030286,0.04315,0.117646","23.104331844028863,10.888991668561061,24.923255841136665","0.023457357142857137,0.04194907142857142,0.10965192857142855","80.15117565698479,236.3332672482157,359.5201225372417","103.25550750101365,247.22225891677675,384.4433783783784","0.012720142857142853,0.0019218571428571418,0.015410714285714278","67,177,177","177,252,400",5.24
"9.32,15.6","0.059259,0.038889","57.423455125299284,56.59429024779348","0.04359292857142856,0.03460649999999999","151.55057961504812,293.44616509371264","208.9740347403474,350.0404553415061","0.027760999999999987,0.008565","102,255","252,355",6.28
11.64,0.341267,58.88826993,0.332457571,201.0005391,259.888809,0.017619143,46,280,9.16
"2.36,9.44,15.04","0.028026,0.02186,0.04447","11.24193576386629,36.46100858144635,61.392514595496266","0.024869428571428563,0.018613571428571424,0.03359721428571428","3.556497175141242,175.16330686214621,290.05973728106756","14.798432939007531,211.62431544359256,351.4522518765638","0.006215428571428566,0.00642742857142857,0.02174557142857143","0,45,45","43,256,364",5.2
"4.4,9.0,13.92","0.004046,0.025971,0.036248","18.143846773969372,81.30966849932695,43.761069092186574","0.0009543571428571431,0.009796071428571428,0.014869642857142852","53.090280210157616,116.08202614379086,273.50023885350316","71.23412698412699,197.3916946431178,317.26130794568974","0.006150142857142856,0.03176185714285713,0.04243071428571428","41,41,41","81,218,370",6.4
"5.0,9.24,15.36","0.010897,0.015465,0.01752","34.37835080163718,48.05020952237004,63.61497986626779","0.00616642857142857,0.00906185714285714,0.011435428571428569","60.45461783439491,159.37492182614133,288.1244071506749","94.83296863603209,207.42513134851137,351.7393870169427","0.00880885714285714,0.012806285714285711,0.012169142857142852","42,42,42","120,263,371",3.32
"2.6,4.84,15.08","0.783844,0.772145,0.473816","11.87501068467391,37.166870864821796,35.00002849165196","0.7750694999999999,0.7545959999999998,0.4591919999999999","7.5,54.33325735126508,308.5","19.37501068467391,91.50012821608688,343.50002849165196","0.017548999999999926,0.03509799999999985,0.02924800000000005","0,43,293","353,353,353",6.92
"4.16,15.04","0.485515,0.269081","90.37492520362915,28.33335232776807","0.4543869999999999,0.2603064999999999","18.87503205402172,314.166647672232","109.24995725765086,342.50000000000006","0.06225599999999992,0.017549000000000037","0,300","290,352",7.84
6.88,1.807521,180.5001068,1.6462395,26.99993589,207.5000427,0.322563,0,400,6.88
9.32,0.745877,181.4,0.567037857,95.2,276.6,0.355536571,0,362,8.84
"4.2,8.48,15.72","0.476012,0.491004,0.427286","105.40282142116031,69.16666666666671,21.21822701916085","0.4520505714285713,0.44950728571428555,0.39315142857142843","10.472178578839708,147.58333333333331,329.84999999999997","115.87500000000001,216.75000000000003,351.0682270191608","0.047922857142857156,0.0829934285714285,0.06719828571428577","0,0,266","138,363,363",6.76
9.56,0.425621,245.0129105,0.359983357,91.68731612,336.7002266,0.130619857,0,400,5.24
8,0.292254,289.7308525,0.266096929,46.60082363,336.3316761,0.052314143,0,400,2
"7.16,11.44","0.137553,0.132562","225.07592520929762,22.99951667472294","0.09280942857142854,0.13183199999999995","63.70782257045367,216.9999999999992","288.7837477797513,239.99951667472214","0.08938342857142854,0.0013562857142856988","0,198","400,400",5.28
"4.24,8.36,15.12","0.096441,0.068215,0.112123","16.87816506324227,22.354755506980865,85.3589111985641","0.07527157142857141,0.05802199999999998,0.07812771428571426","48.074158046384206,151.4784007098098,268.8744022951864","64.95232310962648,173.83315621679066,354.23331349375053","0.03561914285714285,0.01904199999999999,0.0644065714285714","0,106,106","106,185,379",5.2
"2.88,6.12","-0.025249,-0.023256","21.863385608685817,100.37523516082982","-0.041836999999999985,-0.045325214285714274","12.678420411381067,59.37482754295748","34.541806020066886,159.7500627037873","0.029188571428571418,0.04413842857142855","0,0","47,389",4.48
16.48,0.122164,56.5,0.109075,327,383.5,0.026178,141,399,1.6
"7.0,11.6","0.12037,0.12963","31.375,219.49972999243977","0.11094564285714283,0.09259299999999998","114.875,102.50027000756022","146.25,322.0","0.018848714285714302,0.07407399999999999","73,73","166,400",5.04
"9.08,16.52","0.176991,0.141593","170.0,57.00097929855656","0.14159299999999997,0.12768635714285712","93.49999999999999,323.999209039548","263.5,381.0001883381046","0.07079599999999998,0.02781328571428572","26,298","400,400",2.28
2.2,0.155417,6,0.154148429,2,8,0.002537143,0,90,1.4
"3.08,4.56,14.0","1.303665,1.17801,0.74411","20.136458723344877,16.77276936611564,20.21270967917269","1.0907816428571424,1.1242987142857142,0.6007854285714285","18.513514536644447,55.56815761448351,290.9272762631501","38.64997325998932,72.34092698059915,311.13998594232277","0.32928185714285685,0.08666771428571418,0.244016","0,43,274","400,400,400",9.12
"2.84,4.36,6.36","0.314693,0.333393,0.361175","13.592963324699136,23.955000626994988,105.22972935175383","0.2977674999999999,0.32640885714285706,0.3191006428571428","14.53896451142439,52.69494321426305,50.05358734402852","28.131927836123527,76.64994384125804,155.28331669578236","0.028278714285714268,0.013051714285714222,0.08132557142857144","6,6,6","37,88,394",5.12
11.44,0.190561,145.2852254,0.1825765,165.2147746,310.5,0.015969,0,391,6.84
3.44,0.175656,20.58450704,0.174262286,27.16619718,47.75070423,0.002585143,0,58,5.96
2.64,0.201561,22.10086657,0.199989714,4.499471645,26.60033822,0.003142571,0,65,5.92
"2.52,2.96,14.68","0.355469,0.316406,0.269531","5.40317602217039,7.128827588145164,25.62056822815771","0.2848772857142856,0.2770648571428571,0.16406242857142855","10.39682397782961,20.775014400000007,307.4905618455118","15.8,27.90384198814517,333.11113007366953","0.04575914285714289,0.06808028571428576,0.2008928571428571","7,7,286","19,244,354",3.56
"2.48,3.24,13.4","0.568648,0.565061,0.070184","14.877783019423749,5.106722678463878,25.08378067484665","0.5249744285714284,0.5208759999999999,0.043032357142857136","7.7578123638391645,28.562503734687784,269.66634132738426","22.635595383262913,33.66922641315166,294.7501220022309","0.07658799999999999,0.05455942857142859,0.05327871428571427","4,26,243","387,387,387",1.12
"4.24,13.28,14.2","0.225503,0.61745,0.641611","39.52740858592982,6.6994489761497675,25.810814591575593","0.1806329285714285,0.4617449999999999,0.39961649999999993","22.076977077363892,278.9176944891546,292.66666436730867","61.60438566329371,285.61714346530437,318.47747895888426","0.08398842857142857,0.14918542857142858,0.4663469999999999","14,248,248","68,290,371",2.72
"2.52,15.2,16.36","0.467114,0.12349,0.085906","20.935280208308004,13.685195149207402,9.42895977786111","0.2615533571428571,0.06960699999999999,0.05369142857142856","5.906806997118802,323.0,354.3043647258887","26.842087205426807,336.6851951492074,363.7333245037498","0.4065195714285713,0.10009571428571426,0.060594571428571414","0,267,348","267,399,399",4.64
"2.36,5.36,15.16","0.047283,0.006196,0.047772","10.985928633117691,35.943042735915185,64.88441669799477","0.04216407142857141,-0.0020494999999999984,0.036879928571428564","3.449370577965628,70.3423544603465,287.9781372200498","14.435299211083318,106.28539719626168,352.86255391804457","0.009153857142857137,0.016280999999999993,0.021784142857142853","0,52,52","52,123,364",5.04
"2.36,9.44,15.04","0.028026,0.02186,0.04447","11.24193576386629,36.46100858144635,61.392514595496266","0.024869428571428563,0.018613571428571424,0.03359721428571428","3.556497175141242,175.16330686214621,290.05973728106756","14.798432939007531,211.62431544359256,351.4522518765638","0.006215428571428566,0.00642742857142857,0.02174557142857143","0,45,45","43,256,364",5.2
"4.4,9.0,13.92","0.004046,0.025971,0.036248","18.143846773969372,81.30966849932695,43.761069092186574","0.0009543571428571431,0.009796071428571428,0.014869642857142852","53.090280210157616,116.08202614379086,273.50023885350316","71.23412698412699,197.3916946431178,317.26130794568974","0.006150142857142856,0.03176185714285713,0.04243071428571428","41,41,41","81,218,370",6.4
"5.0,9.24,15.36","0.010897,0.015465,0.01752","34.37835080163718,48.05020952237004,63.61497986626779","0.00616642857142857,0.00906185714285714,0.011435428571428569","60.45461783439491,159.37492182614133,288.1244071506749","94.83296863603209,207.42513134851137,351.7393870169427","0.00880885714285714,0.012806285714285711,0.012169142857142852","42,42,42","120,263,371",3.32
"2.6,4.84,15.08","0.783844,0.772145,0.473816","11.87501068467391,37.166870864821796,35.00002849165196","0.7750694999999999,0.7545959999999998,0.4591919999999999","7.5,54.33325735126508,308.5","19.37501068467391,91.50012821608688,343.50002849165196","0.017548999999999926,0.03509799999999985,0.02924800000000005","0,43,293","353,353,353",6.92
"4.16,15.04","0.485515,0.269081","90.37492520362915,28.33335232776807","0.4543869999999999,0.2603064999999999","18.87503205402172,314.166647672232","109.24995725765086,342.50000000000006","0.06225599999999992,0.017549000000000037","0,300","290,352",7.84
6.88,1.807521,180.5001068,1.6462395,26.99993589,207.5000427,0.322563,0,400,6.88
9.32,0.745877,181.4,0.567037857,95.2,276.6,0.355536571,0,362,8.84
"4.2,8.48,15.72","0.476012,0.491004,0.427286","105.40282142116031,69.16666666666671,21.21822701916085","0.4520505714285713,0.44950728571428555,0.39315142857142843","10.472178578839708,147.58333333333331,329.84999999999997","115.87500000000001,216.75000000000003,351.0682270191608","0.047922857142857156,0.0829934285714285,0.06719828571428577","0,0,266","138,363,363",6.76
9.56,0.425621,245.0129105,0.359983357,91.68731612,336.7002266,0.130619857,0,400,5.24
13.32,0.217973,121.0061029,0.210516,240.4969486,361.5030514,0.014914,38,400,1.56
"8.04,17.36","0.369407,0.676864","162.99073218870058,15.89442842743756","0.2566101428571428,0.6574432857142856","89.64993026499303,378.2192052347519","252.6406624536936,394.11363366218944","0.22526599999999994,0.03884142857142869","41,318","317,400",5.52
10.24,0.144551,213.7489649,0.106856357,123.2504903,336.9994552,0.075389286,21,400,1.96
9.16,0.226004,219.7854097,0.135045286,98.50010896,318.2855186,0.181917429,0,395,3.24
8,0.292254,289.7308525,0.266096929,46.60082363,336.3316761,0.052314143,0,400,2
"9.2,16.48,17.76","0.906215,0.076836,0.048588","62.760782697938936,10.899362726898858,6.75","0.5819209999999999,0.0716707857142857,0.047377285714285705","148.75000921862903,355.6005487696938,391.375","211.51079191656797,366.49991149659263,398.125","0.6440679999999999,0.008393285714285714,0.0024214285714285674","38,347,385","385,385,400",6.2
"4.16,10.4,15.28","0.110734,0.039548,0.028249","23.154316303114925,16.416845349868595,45.11627994045864","0.07449557142857141,0.010815214285714282,-0.009200928571428572","44.43661655822302,203.02501272208332,300.1940533114945","67.59093286133795,219.4418580719519,345.3103332519531","0.07054085714285713,0.05423699999999998,0.07296271428571427","35,197,289","395,395,395",6.2
"2.4,6.32,16.4","0.437288,0.174011,0.00339","12.688868996558273,41.437634824935,24.37455757224916","0.3226796428571428,0.13236442857142855,-0.02986278571428571","3.852795173361845,86.0,348.47999929201035","16.541664169920118,127.437634824935,372.8545568642595","0.20855499999999993,0.08135599999999996,0.06327699999999999","0,38,336","400,400,400",6.84
"5.04,14.24","0.059344,0.025902","35.79204796994985,26.208319213825803","0.05031607142857142,0.019754071428571423","62.29151135208404,288.75008471704507","98.08355932203389,314.9584039308709","0.01721328571428571,0.01145242857142857","49,272","382,382",5.32
"7.2,13.84","0.027198,0.072555","110.5,70.44452245364954","0.022620142857142853,0.037339714285714275","54.0,269.55555555555554","164.5,340.0000780092051","0.009155714285714284,0.06958542857142856","24,217","216,371",2.24
"3.64,11.76,16.2","0.081733,0.111169,0.091441","38.34341803643265,74.03222489275785,42.47926437592639","0.07108549999999997,0.0912392857142857,0.08596049999999997","11.78088363954505,211.75864347060119,333.5624688154875","50.124301675977705,285.79086836335904,376.04173319141387","0.021294999999999994,0.039680571428571426,0.010961000000000012","0,0,308","128,399,399",1.6
"12.44,14.96","0.221086,0.269468","24.981571712266714,56.52749040858845","0.21863649999999996,0.2265994285714285","248.29461740221234,291.189568414941","273.27618911447905,347.71705882352944","0.0048990000000000145,0.08068171428571425","0,0","278,390",2.88
"5.28,11.04","0.23048,0.200104","155.85982563861404,14.944183797055416","0.19578707142857135,0.1955411428571428","21.687275449101783,221.44639598540144","177.54710108771582,236.39057978245685","0.06938585714285711,0.009036285714285691","0,197","336,336",4
8.28,0.630788,113.0004661,0.60826,89.49976696,202.500233,0.045056,43,258,8.6
14.08,0.350438,118,0.341677,243.5,361.5,0.017522,240,365,5.24
11.92,0.154459,153.9997776,0.097759429,129.8750392,283.8748168,0.113398571,50,328,2.44
"3.08,4.56,14.0","1.303665,1.17801,0.74411","20.136458723344877,16.77276936611564,20.21270967917269","1.0907816428571424,1.1242987142857142,0.6007854285714285","18.513514536644447,55.56815761448351,290.9272762631501","38.64997325998932,72.34092698059915,311.13998594232277","0.32928185714285685,0.08666771428571418,0.244016","0,43,274","400,400,400",9.12
"5.64,8.64,14.88","0.106963,0.077901,0.113421","39.57873868147435,30.466863479251487,31.669349665713582","0.09277799999999997,0.05898807142857142,0.09531514285714282","69.00011261261263,150.9616447493806,307.50008847991506","108.57885129408697,181.4285082286321,339.16943814562865","0.028369999999999992,0.034366428571428576,0.03551999999999998","55,139,258","258,258,347",5.16
"2.68,6.44,16.92","0.160637,0.079878,-0.029968","16.83502399881899,26.140627045227987,27.112678578084456","0.10380371428571425,0.06351464285714284,-0.0455832857142857","10.199298770879293,96.32427075542259,357.81150793650795","27.034322769698285,122.46489780065058,384.9241865145924","0.11113714285714281,0.032107,0.02968142857142856","0,76,344","400,400,400",5.32
4.36,0.02686,46.75628021,0.017695,37.86856852,84.62484873,0.017443714,0,131,5.04
"7.16,11.44","0.137553,0.132562","225.07592520929762,22.99951667472294","0.09280942857142854,0.13183199999999995","63.70782257045367,216.9999999999992","288.7837477797513,239.99951667472214","0.08938342857142854,0.0013562857142856988","0,198","400,400",5.28
"4.24,8.36,15.12","0.096441,0.068215,0.112123","16.87816506324227,22.354755506980865,85.3589111985641","0.07527157142857141,0.05802199999999998,0.07812771428571426","48.074158046384206,151.4784007098098,268.8744022951864","64.95232310962648,173.83315621679066,354.23331349375053","0.03561914285714285,0.01904199999999999,0.0644065714285714","0,106,106","106,185,379",5.2
10.92,0.087318,134,0.0639295,182.5,316.5,0.046777,96,362,5.4
"5.76,12.04","0.118726,0.091092","85.08410682299302,56.57145847871607","0.10439699999999996,0.08648599999999998","49.749633610161204,216.49999999999994","134.83374043315422,273.071458478716","0.028658000000000003,0.009212000000000012","24,195","348,348",5.6
"16.92,17.04,17.12","0.70405,0.71028,0.70405","139.99903707270076,139.99903707270076,139.99903707270076","0.6982644999999998,0.6982644999999998,0.6982644999999998","248.5004814636496,248.5004814636496,248.5004814636496","388.49951853635037,388.49951853635037,388.49951853635037","0.01335099999999989,0.01335099999999989,0.01335099999999989","1,1,1","397,397,397",6
"2.88,6.12","-0.025249,-0.023256","21.863385608685817,100.37523516082982","-0.041836999999999985,-0.045325214285714274","12.678420411381067,59.37482754295748","34.541806020066886,159.7500627037873","0.029188571428571418,0.04413842857142855","0,0","47,389",4.48
14.28,0.076782,25.8868885,0.070235357,291.7748438,317.6617323,0.012545857,232,328,5.6
"12.08,17.2","0.186826,0.119162","115.2004306003866,7.663740872229425","0.14502757142857137,0.11168728571428568","192.06226145038164,376.5797328027288","307.26269205076824,384.24347367495824","0.08359685714285711,0.008276285714285736","66,359","359,389",3.4
"11.92,15.76,17.6","0.110479,0.082335,0.068563","153.13810846376703,30.876226955130335,7.288959247609171","0.07938407142857141,0.07493592857142854,0.0674507857142857","130.99993576567317,320.95456615805057,387.71070675105483","284.1380442294402,351.8307931131809,394.999665998664","0.06206157142857142,0.014541857142857134,0.002052714285714269","71,315,374","374,374,400",3.2
16.48,0.122164,56.5,0.109075,327,383.5,0.026178,141,399,1.6
"7.0,11.6","0.12037,0.12963","31.375,219.49972999243977","0.11094564285714283,0.09259299999999998","114.875,102.50027000756022","146.25,322.0","0.018848714285714302,0.07407399999999999","73,73","166,400",5.04
"9.08,16.52","0.176991,0.141593","170.0,57.00097929855656","0.14159299999999997,0.12768635714285712","93.49999999999999,323.999209039548","263.5,381.0001883381046","0.07079599999999998,0.02781328571428572","26,298","400,400",2.28
2.2,0.155417,6,0.154148429,2,8,0.002537143,0,90,1.4
8.28,0.630788,113.0004661,0.60826,89.49976696,202.500233,0.045056,43,258,8.6
14.08,0.350438,118,0.341677,243.5,361.5,0.017522,240,365,5.24
"5.76,12.04","0.118726,0.091092","85.08410682299302,56.57145847871607","0.10439699999999996,0.08648599999999998","49.749633610161204,216.49999999999994","134.83374043315422,273.071458478716","0.028658000000000003,0.009212000000000012","24,195","348,348",5.6
"16.92,17.04,17.12","0.70405,0.71028,0.70405","139.99903707270076,139.99903707270076,139.99903707270076","0.6982644999999998,0.6982644999999998,0.6982644999999998","248.5004814636496,248.5004814636496,248.5004814636496","388.49951853635037,388.49951853635037,388.49951853635037","0.01335099999999989,0.01335099999999989,0.01335099999999989","1,1,1","397,397,397",6
"7.52,9.2","0.031279,0.029101","5.086151593818556,8.738990938811042","0.025743357142857137,0.02378114285714285","135.16215182124273,175.31281913464122","140.2483034150613,184.05181007345226","0.003535285714285713,0.006664285714285713","132,169","146,211",4.6
"3.08,4.56,14.0","1.303665,1.17801,0.74411","20.136458723344877,16.77276936611564,20.21270967917269","1.0907816428571424,1.1242987142857142,0.6007854285714285","18.513514536644447,55.56815761448351,290.9272762631501","38.64997325998932,72.34092698059915,311.13998594232277","0.32928185714285685,0.08666771428571418,0.244016","0,43,274","400,400,400",9.12
"2.84,4.36,6.36","0.314693,0.333393,0.361175","13.592963324699136,23.955000626994988,105.22972935175383","0.2977674999999999,0.32640885714285706,0.3191006428571428","14.53896451142439,52.69494321426305,50.05358734402852","28.131927836123527,76.64994384125804,155.28331669578236","0.028278714285714268,0.013051714285714222,0.08132557142857144","6,6,6","37,88,394",5.12
11.44,0.190561,145.2852254,0.1825765,165.2147746,310.5,0.015969,0,391,6.84
3.44,0.175656,20.58450704,0.174262286,27.16619718,47.75070423,0.002585143,0,58,5.96
2.64,0.201561,22.10086657,0.199989714,4.499471645,26.60033822,0.003142571,0,65,5.92
"2.52,2.96,14.68","0.355469,0.316406,0.269531","5.40317602217039,7.128827588145164,25.62056822815771","0.2848772857142856,0.2770648571428571,0.16406242857142855","10.39682397782961,20.775014400000007,307.4905618455118","15.8,27.90384198814517,333.11113007366953","0.04575914285714289,0.06808028571428576,0.2008928571428571","7,7,286","19,244,354",3.56
"2.48,3.24,13.4","0.568648,0.565061,0.070184","14.877783019423749,5.106722678463878,25.08378067484665","0.5249744285714284,0.5208759999999999,0.043032357142857136","7.7578123638391645,28.562503734687784,269.66634132738426","22.635595383262913,33.66922641315166,294.7501220022309","0.07658799999999999,0.05455942857142859,0.05327871428571427","4,26,243","387,387,387",1.12
"5.84,11.68,16.52","0.012052,-0.00465,-0.024389","20.250329380764157,38.201760498998794,20.395632133450476","0.01126585714285714,-0.008066499999999997,-0.025290499999999994","82.5,220.11088355763604,347.87499999999994","102.75032938076416,258.31264405663484,368.2706321334504","0.0014094285714285719,0.0068330000000000005,0.0016401428571428574","68,193,324","400,400,400",5.16
11.6,0.620112,230.5,0.611732,125,355.5,0.01676,21,359,8.04
"5.68,11.96,14.64","0.218413,0.104832,0.090018","55.37608674869479,38.502147664687044,12.681311260219843","0.1961905,0.09178099999999997,0.07142371428571426","66.76682101682104,228.2912827781715,309.05886767280913","122.14290776551583,266.79343044285855,321.740178933029","0.044444999999999985,0.026102,0.03214914285714286","35,208,299","400,400,400",2.36
2.96,0.244068,40.25,0.242938,3.5,43.75,0.00226,0,351,3.88
2.6,0.4,17.2001062,0.388539071,6.099964599,23.3000708,0.019693286,0,340,5
"3.32,11.0","0.38714,0.179406","32.125169120355835,32.154545152204435","0.37056757142857133,0.16109992857142852","13.37494208136408,208.4286697733531","45.50011120171992,240.58321492555754","0.03314485714285709,0.034301","0,181","400,400",1.8
"3.24,5.16,8.68","0.03761,0.035149,-0.009139","39.29041076040175,14.999593578540953,53.43983300775068","0.034534499999999996,0.03040421428571428,-0.02429714285714285","9.834055811433233,70.50020321072952,138.34356264607254","49.12446657183498,85.49979678927048,191.78339565382322","0.006150999999999997,0.007381000000000006,0.030316285714285712","1,64,127","400,400,400",6.12
"6.36,11.88,14.96","0.162941,0.120588,0.087647","77.9170967264981,25.725369004108245,9.943267701764967","0.13926449999999996,0.1131300714285714,0.06801485714285713","70.9998178506375,231.84349766255843,319.0457749398789","148.9169145771356,257.5688666666667,328.9890426416439","0.047352999999999965,0.01407585714285714,0.02762571428571428","29,217,308","400,400,400",3.16
6.24,0.185588,79.932806,0.163361,69.74946876,149.6822748,0.04437,17,400,3.88
"6.36,11.56,16.44","0.153529,0.092941,0.021471","79.37992924019088,33.99999999999997,40.1395656279509","0.12352914285714282,0.09020999999999998,0.016701642857142852","71.99971667374982,216.50000000000003,336.74929178470256","151.3796459139407,250.5,376.88885741265346","0.059831714285714294,0.005125999999999978,0.009033285714285714","21,196,322","400,400,400",3.76
16.2,0.645455,44.98743268,0.644421071,334.0062837,378.9937163,0.002067857,188,400,8.96
7.12,0.895918,152.7506739,0.891744,91.74932615,244.5,0.008348,48,365,10.24
8.04,0.674954,144,0.662350929,93.5,237.5,0.024410429,0,400,3.8
16.6,-0.009975,25.25006683,-0.021197,347.7499332,373,0.022444,319,400,5.4
3.08,0.181703,77.46472453,0.166223357,12.7498415,90.21456604,0.030959286,0,400,3.2
5.4,0.191061,117.5108246,0.124441143,13.7009336,131.2117582,0.133239714,0,400,3.92
"3.08,3.72,5.2","0.275419,0.260335,0.261453","120.7879926013872,10.100200905007206,19.444709626093797","0.1960095714285714,0.2575419285714285,0.25722271428571425","11.7834177042003,39.50004972155924,66.66646778042963","132.5714103055875,49.60025062656645,86.11117740652342","0.15075799999999998,0.004948142857142845,0.008300285714285649","0,36,36","400,58,400",1.36
"5.16,7.96,9.48","0.056227,0.009387,0.008736","15.428469477382535,65.50321090609171,10.936559544842623","0.05111535714285713,-0.014962714285714284,0.0026486428571428564","69.85737812911725,132.0800541072307,180.27779675491033","85.28584760649979,197.5832650133224,191.21435629975295","0.009293857142857145,0.04851314285714285,0.010130142857142855","62,124,172","400,400,400",4.08
"3.44,5.28,8.12","0.040613,0.043866,-0.014684","16.05126004784789,18.818532090683917,49.96337119560019","0.033317999999999987,0.031552071428571415,-0.02583649999999999","27.05567890691716,72.04988470407379,143.4117088607595","43.10693895476505,90.8684167947577,193.37508005635968","0.012732,0.022397571428571426,0.021932999999999994","0,57,130","57,400,400",6.04
"2.92,7.92,14.96","0.005301,-0.091205,-0.112892","35.95079081568213,17.342891580193054,50.734984498160316","-0.0013597857142857135,-0.09589078571428569,-0.14534421428571423","11.24959649527323,138.5500737735153,309.3125540376967","47.200387310955364,155.89296535370835,360.04753853585703","0.013631571428571425,0.009371571428571437,0.06335585714285712","0,132,242","242,242,373",5.2
"2.8,6.32,10.92","0.057798,0.111009,0.06055","14.428020198549763,120.23856921824057,21.312903084462732","0.047313285714285704,0.06946257142857142,0.05416107142857141","9.863604835513279,61.6363456202933,214.8747502270663","24.291625034063042,181.87491483853387,236.18765331152903","0.01703771428571428,0.08283085714285712,0.011729857142857139","0,0,206","29,291,291",4.44
"5.4,7.72,11.04","0.088991,0.074312,0.051376","101.7913790218459,15.66077650700737,47.291613706523776","0.053080071428571414,0.06572721428571426,0.04233285714285713","62.375136239782016,137.14692869966657,209.374931880109","164.16651526162792,152.80770520667394,256.66654558663276","0.06893814285714285,0.015858428571428565,0.018086285714285708","0,130,200","384,384,384",5.04
6.08,0.14984,81.66873559,0.133447214,66.0620892,147.7308248,0.032785571,0,400,1.76
"2.96,4.44,9.28","0.246752,0.22492,0.082215","15.613033723740113,11.770294047981608,69.97105611946205","0.23421942857142852,0.2136238571428571,0.04908714285714284","15.325324907595103,54.87833722464724,156.61968999629687","30.938358631335216,66.64863127262885,226.59074611575892","0.02392371428571427,0.02167971428571433,0.06595171428571428","8,48,123","123,123,311",2.12
4.36,0.02686,46.75628021,0.017695,37.86856852,84.62484873,0.017443714,0,131,5.04
"5.36,8.96,15.08","0.01167,0.011429,0.020241","48.5937676877267,26.928971070216704,50.32841531319184","-0.007568357142857139,-0.0022433571428571424,-0.0033342857142857132","53.70951362907536,159.37518825301206,295.9434375","102.30328131680206,186.30415932322876,346.27185281319186","0.03794214285714284,0.026464428571428566,0.04659971428571427","27,113,206","206,206,377",6.48
