<?xml version='1.0' encoding='utf-8'?>
<?xml-stylesheet type="text/xsl" href="/XSLTransform/arima.xsl" ?>
<root>
	<input>
		<inputCSV>
			<file>
				<name>{filename}</name>
				<url>{filename}</url>
			</file>
		</inputCSV>
		<look_back>{look_back}</look_back>
		<start_index>{start_index}</start_index>
		<end_index>{end_index}</end_index>
		<normalization>{normalization}</normalization>
		<formation>{formation}</formation>
		<epochs>{epochs}</epochs>
		<batch_size>{batch_size}</batch_size>
		<expand_num>{expand_num}</expand_num>
	</input>
	<output>
		<result>
			<file>
				<name>result.tar.gz</name>
				<url>result.tar.gz</url>
			</file>
		</result>
		<Result>
			<table>
				<row>
					<index>1</index>
					<sinx>0.452</sinx>
					<cosx>0.892</cosx>
					<prediction>1.344</prediction>
				</row>
				<row>
					<index>2</index>
					<sinx>0.995</sinx>
					<cosx>0.102</cosx>
					<prediction>1.096</prediction>
				</row>
				<row>
					<index>3</index>
					<sinx>0.623</sinx>
					<cosx>-0.782</cosx>
					<prediction>-0.159</prediction>
				</row>
				<row>
					<index>4</index>
					<sinx>-0.322</sinx>
					<cosx>-0.947</cosx>
					<prediction>-1.268</prediction>
				</row>
				<row>
					<index>5</index>
					<sinx>-0.971</sinx>
					<cosx>-0.241</cosx>
					<prediction>-1.211</prediction>
				</row>
				<row>
					<index>6</index>
					<sinx>-0.727</sinx>
					<cosx>0.686</cosx>
					<prediction>-0.041</prediction>
				</row>
				<row>
					<index>7</index>
					<sinx>0.185</sinx>
					<cosx>0.983</cosx>
					<prediction>1.168</prediction>
				</row>
				<row>
					<index>8</index>
					<sinx>0.927</sinx>
					<cosx>0.376</cosx>
					<prediction>1.302</prediction>
				</row>
				<row>
					<index>9</index>
					<sinx>0.817</sinx>
					<cosx>-0.577</cosx>
					<prediction>0.24</prediction>
				</row>
				<row>
					<index>10</index>
					<sinx>-0.044</sinx>
					<cosx>-0.999</cosx>
					<prediction>-1.043</prediction>
				</row>
				<row>
					<index>11</index>
					<sinx>-0.865</sinx>
					<cosx>-0.503</cosx>
					<prediction>-1.367</prediction>
				</row>
				<row>
					<index>12</index>
					<sinx>-0.89</sinx>
					<cosx>0.456</cosx>
					<prediction>-0.434</prediction>
				</row>
				<row>
					<index>13</index>
					<sinx>-0.097</sinx>
					<cosx>0.995</cosx>
					<prediction>0.898</prediction>
				</row>
				<row>
					<index>14</index>
					<sinx>0.785</sinx>
					<cosx>0.62</cosx>
					<prediction>1.404</prediction>
				</row>
				<row>
					<index>15</index>
					<sinx>0.945</sinx>
					<cosx>-0.326</cosx>
					<prediction>0.62</prediction>
				</row>
				<row>
					<index>16</index>
					<sinx>0.237</sinx>
					<cosx>-0.972</cosx>
					<prediction>-0.735</prediction>
				</row>
				<row>
					<index>17</index>
					<sinx>-0.69</sinx>
					<cosx>-0.724</cosx>
					<prediction>-1.414</prediction>
				</row>
				<row>
					<index>18</index>
					<sinx>-0.982</sinx>
					<cosx>0.189</cosx>
					<prediction>-0.793</prediction>
				</row>
				<row>
					<index>19</index>
					<sinx>-0.371</sinx>
					<cosx>0.928</cosx>
					<prediction>0.557</prediction>
				</row>
				<row>
					<index>20</index>
					<sinx>0.581</sinx>
					<cosx>0.814</cosx>
					<prediction>1.395</prediction>
				</row>
			</table>
		</Result>
		<Pictures>
			<picture>
				<file>
					<name>result.jpg</name>
					<url>result.jpg</url>
				</file>
			</picture>
			<picture>
				<file>
					<name>aic_or_bic.jpg</name>
					<url>aic_or_bic.jpg</url>
				</file>
			</picture>
		</Pictures>
	</output>
</root>
