<?xml version="1.0" encoding="utf-8" ?>
<?xml-stylesheet type="text/xsl" href="/XSLTransform/SHAP.xsl" ?>
<root>
  <input>
    <inputCSV>
        <file>
            <name>{filename}</name>
            <url>{filename}</url> 
        </file>
    </inputCSV>
    <feature_start>{feature_start}</feature_start>
    <feature_end>{feature_end}</feature_end>
    <target>{target}</target>
    <single>{single}</single>
    <interactionA>{interactionA}</interactionA>
    <interactionB>{interactionB}</interactionB>
    <Pearson>{Pearson}</Pearson>
    <Variance>{Variance}</Variance>
    <Lasso> {Lasso}</Lasso>
    <ElasticNet>{ElasticNet}</ElasticNet>
    <SVR>{SVR}</SVR>
    <SVR_RFE>{SVR_RFE}</SVR_RFE>
    <RF>{RF}</RF>
    <LightGBM>{LightGBM}</LightGBM>
    <XGBoost>{XGBoost}</XGBoost>
    <MIC>{MIC}</MIC>
  </input>
  <output>
    <feature-selection></feature-selection>
    <SHAP></SHAP>
    <result>
      <file>
        <name>result.tar.gz</name>
        <url>result.tar.gz</url>
      </file>
    </result>
  </output>
</root>