{"gy_map": {"热处理1": {"0": 0, "1050~1080℃ 固溶 + 950℃ 空冷 + (-70℃)2h + 400℃": 1, "1050℃ 空冷": 2, "1050℃ 空冷 + 760℃ 1.5h 空冷 到室温后于": 3, "1050℃ 空冷 + 975℃ 水冷   (-70℃) 2h": 4, "185-195℃ 6-12h 空冷+200℃ 50h 空冷": 5, "185-195℃ 6-12h 空冷+225℃ 50h 空冷": 6, "185-195℃ 6-12h 空冷+250℃ 50h 空冷": 7, "185-195℃ 空冷": 8, "25℃ 96h": 9, "25℃ 96h+100℃ 50h 空冷": 10, "25℃ 96h+125℃ 50h 空冷": 11, "25℃ 96h+150℃ 50h 空冷": 12, "25℃ 96h+175℃ 50h 空冷": 13, "880℃ 加热  450℃ 等温 20分  油冷": 14, "880℃ 加热 + 320℃ 等温 20分   油冷": 15, "880℃ 加热 + 370℃ 等温 20分  油冷": 16, "880℃ 加热 + 410℃ 等温 20分  油冷": 17, "880℃ 加热 +500℃  等温 20分  油冷": 18, "RH450": 19, "RH500~510": 20, "RH550": 21, "RH600": 22, "合金不热处理": 23, "固溶热处理 1010℃ 1(h) 空冷": 24, "固溶热处理 1015℃ 1(h) 空冷": 25, "固溶热处理 1040℃ 1(h) 油冷": 26, "固溶热处理 1040℃ 1(h) 空冷": 27, "固溶热处理 980℃ 1(h) 空冷": 28, "固溶热处理 990℃ 1(h) 空冷": 29, "正火+回火": 30, "消除应力 270-300℃ 1h": 31, "热轧": 32, "热轧 回火 600℃": 33, "锻造": 34}, "热处理2": {"+ 450℃ 1h 空冷": 0, "0": 1, "15℃ 保温 1.5h   +   600℃ 时效 1.5h(空冷)": 2, "15℃ 保温 1.5h + 500℃时效 1.5h(空冷)": 3, "15℃保温 1.5h + 450℃时效 1.5h(空冷)": 4, "中间一次时效 590℃ 4(h) 空冷": 5, "中间一次时效 620℃ 4(h) 空冷": 6, "中间一次时效 630℃ 4(h) 空冷": 7, "中间一次时效 650℃ 1(h) 空冷": 8, "中间一次时效 650℃ 4(h) 空冷": 9, "中间一次时效 660℃ 4(h) 空冷": 10, "中间一次时效 670℃ 4(h) 空冷": 11, "中间一次时效 680℃ 4(h) 空冷": 12, "中间一次时效 690℃ 4(h) 空冷": 13, "中间一次时效 700℃ 4(h) 空冷": 14, "中间一次时效 815℃ 30' 空冷": 15, "中间一次时效 815℃ 70' 空冷": 16, "时效 1h (空冷) -----------RH400": 17, "最终时效 640℃ 4(h) 空冷": 18}, "热处理3": {"0": 0, "最终时效 560℃ 5(h) 空冷": 1, "最终时效 570℃ 5(h) 空冷": 2, "最终时效 580℃ 5(h) 空冷": 3, "最终时效 590℃ 5(h) 空冷": 4, "最终时效 600℃ 5(h) 空冷": 5, "最终时效 605℃ 5(h) 空冷": 6, "最终时效 610℃ 5(h) 空冷": 7, "最终时效 620℃ 5(h) 空冷": 8}, "热处理4": {"0": 0}, "渗氮": {"0": 0}, "渗碳": {"0": 0}, "回火": {"0": 0, "270℃ 2h+200℃ 空冷": 1, "300℃": 2, "300℃ 2h+200℃ 空冷": 3, "300℃ 35分 空冷": 4, "300℃ 3h 空冷": 5, "300℃ 60分 空冷": 6, "340℃ 2h+200℃ 空冷": 7, "350℃": 8, "350℃ 空冷": 9, "400℃": 10, "400℃ 空冷": 11, "450℃": 12, "450℃ 空冷": 13, "460℃       空冷": 14, "500℃": 15, "500℃ 油冷": 16, "500℃ 空冷": 17, "550℃": 18, "550℃ 空冷": 19, "560℃ 1h 空冷": 20, "580℃ 油冷": 21, "590℃": 22, "600℃": 23, "600℃  (空冷)": 24, "610℃ 2h 空冷": 25, "650℃": 26, "670℃±10℃": 27, "680℃": 28, "680℃ 3h": 29, "700-750℃": 30, "700℃": 31, "720℃ 3h": 32, "740℃ 3h": 33, "760℃ 5h": 34, "770℃ * 3h": 35}, "淬火": {"0": 0, "1030℃ (油冷)": 1, "1140℃ 油冷": 2, "1150℃ 油冷": 3, "495-505℃": 4, "495-505℃ 水冷": 5, "830℃ 油冷": 6, "850℃ 油冷": 7, "860℃       油冷": 8, "880℃": 9, "880℃ 油冷": 10, "920℃ 空冷": 11, "980℃": 12}, "正火": {"0": 0, "1000℃": 1, "1000℃ *45分": 2, "1000℃ 1h": 3, "1070℃ 45'": 4, "850℃": 5, "860℃": 6, "875℃": 7, "880℃": 8, "900-960℃": 9, "900℃": 10, "920℃ 45' 空冷": 11, "925℃": 12, "930℃": 13, "950℃": 14, "950℃ 45'": 15, "960℃±10℃(风冷)": 16, "985℃ 45'": 17}, "退火": {"0": 0, "150~300℃  2~3 h  (空冷)": 1, "150~300℃*2~3h  (空冷)": 2, "390~420℃ 30分 (空冷 或 水冷)": 3, "480-495℃ 12-14h": 4, "550~620℃": 5, "600~650℃": 6, "600~700℃  1~4 h  空冷": 7, "600℃": 8, "740~780℃": 9, "880℃": 10, "900-920℃ 250℃ 出炉": 11}, "熔炼方式": {"0": 0}, "热加工方式": {"0": 0}, "热处理工艺": {"0": 0}}, "xn": "伸长率10", "max": {"C": 0.62, "Mn": 1.75, "Si": 3.0, "P": 0.4, "S": 0.03, "Cr": 15.84, "Mo": 2.5, "V": 1.03, "Ni": 7.0, "W": 5.7, "Ce": 0.0, "La": 0.0, "Ca": 0.0, "Co": 0.0, "Nb": 0.36, "Ti": 0.33, "B": 0.0074, "Cu": 94.58, "Sr": 0.0, "Se": 0.0, "Na": 0.0, "Hg": 0.0, "Cd": 0.0, "Ag": 0.0, "As": 0.0, "Bi": 0.003, "Zn": 36.277, "Sb": 0.01, "Sn": 7.0, "Pb": 0.2, "N": 0.052, "O": 0.0, "H": 0.0, "Mg": 3.5, "热处理1": 34.0, "热处理2": 18.0, "热处理3": 8.0, "热处理4": 0.0, "渗氮": 0.0, "渗碳": 0.0, "回火": 35.0, "淬火": 12.0, "正火": 17.0, "退火": 11.0, "熔炼方式": 0.0, "热加工方式": 0.0, "热处理工艺": 0.0, "伸长率10": 89.0}, "min": {"C": 0.0, "Mn": 0.0, "Si": 0.0, "P": 0.0, "S": 0.0, "Cr": 0.0, "Mo": 0.0, "V": 0.0, "Ni": 0.0, "W": 0.0, "Ce": 0.0, "La": 0.0, "Ca": 0.0, "Co": 0.0, "Nb": 0.0, "Ti": 0.0, "B": 0.0, "Cu": 0.0, "Sr": 0.0, "Se": 0.0, "Na": 0.0, "Hg": 0.0, "Cd": 0.0, "Ag": 0.0, "As": 0.0, "Bi": 0.0, "Zn": 0.0, "Sb": 0.0, "Sn": 0.0, "Pb": 0.0, "N": 0.0, "O": 0.0, "H": 0.0, "Mg": 0.0, "热处理1": 0.0, "热处理2": 0.0, "热处理3": 0.0, "热处理4": 0.0, "渗氮": 0.0, "渗碳": 0.0, "回火": 0.0, "淬火": 0.0, "正火": 0.0, "退火": 0.0, "熔炼方式": 0.0, "热加工方式": 0.0, "热处理工艺": 0.0, "伸长率10": 1.23}, "median": {"C": 0.08, "Mn": 0.51, "Si": 0.37, "P": 0.014, "S": 0.008, "Cr": 0.0, "Mo": 0.0, "V": 0.0, "Ni": 0.0, "W": 0.0, "Ce": 0.0, "La": 0.0, "Ca": 0.0, "Co": 0.0, "Nb": 0.0, "Ti": 0.0, "B": 0.0, "Cu": 0.1, "Sr": 0.0, "Se": 0.0, "Na": 0.0, "Hg": 0.0, "Cd": 0.0, "Ag": 0.0, "As": 0.0, "Bi": 0.0, "Zn": 0.0, "Sb": 0.0, "Sn": 0.0, "Pb": 0.0, "N": 0.0, "O": 0.0, "H": 0.0, "Mg": 0.0, "热处理1": 0.0, "热处理2": 1.0, "热处理3": 0.0, "热处理4": 0.0, "渗氮": 0.0, "渗碳": 0.0, "回火": 0.0, "淬火": 0.0, "正火": 0.0, "退火": 0.0, "熔炼方式": 0.0, "热加工方式": 0.0, "热处理工艺": 0.0, "伸长率10": 18.4}}