{"gy_map": {"热处理1": {"0": 0, "1000℃ 加热 + 180℃ 等温 1h   空冷 + 600℃": 1, "1000℃ 固溶(水冷)+(-70~-80℃)2 hr 冷处理": 2, "1050~1080℃ 固溶 + 950℃ 空冷 + (-70℃)2h + 400℃": 3, "1050℃ 30分(空冷) + (-78℃)* 0.25h + 530℃ *2h 空冷 co": 4, "1050℃ 固溶 + (-78℃)冷处理": 5, "1050℃ 固溶 + 冷变形 + 520℃ 时效": 6, "1050℃ 固溶处理 30分 水冷 或 油冷": 7, "1050℃ 空冷": 8, "1050℃ 空冷 + 760℃ 1.5h 空冷 到室温后于": 9, "1050℃ 空冷 + 975℃ 水冷   (-70℃) 2h": 10, "1080℃*4h 空冷 + 900℃*10h 空冷": 11, "1100~1150℃ 固溶": 12, "1100℃ * 20h固溶": 13, "1100℃ 水冷(固溶)": 14, "1120℃*2h 固溶处理 空冷 + 850℃*24h": 15, "1135±10℃*2h 空冷 + 845±10℃*24h <=2h/炉冷": 16, "1150℃*4h 空冷 + 850℃*16h 空冷": 17, "1170℃*0.5h (水冷) + 800℃*16h (空冷)": 18, "1180~1200℃ * 2.5~8h 空冷;1050℃ *4h 空冷;": 19, "1180℃ 水冷 780℃ 时效 8~10h 730℃ 二次 时效 25h.": 20, "1200℃ 锻造  空冷": 21, "1200℃ 锻造  空冷  ;950℃ 正火": 22, "140℃ 16hr 空冷": 23, "160℃ 时效 (14hr)": 24, "160℃ 时效 14hr": 25, "190℃ 空冷": 26, "400~500℃  箱式炉和 800~850℃盐浴炉 预热": 27, "400~500℃ 箱式炉和 800~850℃盐浴炉 预热": 28, "400~500℃ 箱式炉和 800~850℃盐浴炉预热": 29, "400~500℃箱式炉和 800~850℃盐浴炉 预热": 30, "400~500℃箱式炉和800~850℃ 盐浴炉预热": 31, "400~500℃箱式炉和800~850℃盐浴炉 预热": 32, "400~500℃箱式炉和800~850℃盐浴炉预热": 33, "400℃ 时效 60分": 34, "540℃ 时效 10000 hr": 35, "550℃ 850℃预热 ;1130℃ 淬火 油冷  650℃*2hr": 36, "550℃ 箱式炉 850℃": 37, "550℃ 箱式炉预热  850℃ 盐浴": 38, "550℃ 箱式炉预热 850℃ 盐浴炉": 39, "650℃ 时效 1000h": 40, "650℃ 时效 3000h": 41, "800℃ 时效 10h": 42, "850~870℃ 油冷   690℃* 5h ; 850~870℃ 油冷  ": 43, "880℃ 加热  450℃ 等温 20分  油冷": 44, "880℃ 加热 + 320℃ 等温 20分   油冷": 45, "880℃ 加热 + 370℃ 等温 20分  油冷": 46, "880℃ 加热 + 410℃ 等温 20分  油冷": 47, "880℃ 加热 +500℃  等温 20分  油冷": 48, "890℃ 加热 230℃ 等温+250℃ 回火 空冷": 49, "890℃ 加热 270℃ 等温+310℃ 回火 空冷": 50, "900℃ 加热    280℃  等温 1h": 51, "900℃ 加热 + 200℃ 等温 + 220℃ 回火": 52, "900℃ 加热 + 340℃ 等温 1h": 53, "900℃ 加热 180℃ 等温 + 200℃ 回火": 54, "900℃ 加热 180℃ 等温 + 230℃ 回火": 55, "900℃ 加热 220℃ 等温+ 250℃ 回火  空冷": 56, "900℃ 加热 230℃ 等温+ 220℃ 回火  空冷": 57, "920℃ 伪 渗碳 8h  +840℃ 淬火 (油冷)": 58, "920℃ 伪渗碳 8h   + 830~840℃ 淬火(油冷 )": 59, "920℃ 伪渗碳 8h  (空冷)+ 850℃ 淬火": 60, "920℃ 伪渗碳 8h +  840℃ 淬火(油冷)": 61, "920℃ 伪渗碳 8h + 800~810℃ 淬火(油冷)": 62, "920℃ 伪渗碳 8h+840℃ 淬火 (油冷) 两次": 63, "940℃ 伪 渗碳 8h + 810℃ 淬火 (油冷)": 64, "970℃* 8h 伪 渗碳 (油冷 ) + 150℃ 回火": 65, "970℃* 8h 伪 渗碳 (油冷) + 150℃ 回火": 66, "RH450": 67, "RH500~510": 68, "RH550": 69, "RH600": 70, "二次高温回火 (580℃ 6h 650℃ 6h)+二次": 71, "余热淬火   670℃* 10h + 670℃* 8.5h + 690℃": 72, "余热淬火  670℃* 5h+670℃* 4h 二次": 73, "供货状态": 74, "合金不热处理": 75, "固溶处理 1000℃ 20' 油冷": 76, "固溶处理 1050℃ 20' 水冷": 77, "固溶处理 1050℃ 20' 油冷": 78, "固溶处理 1080℃ 30' 水冷": 79, "固溶处理 1100℃ 20' 水冷": 80, "固溶处理 1100℃ 20' 油冷": 81, "固溶处理 1100℃ 20' 油冷 时效 700℃": 82, "固溶处理 1120℃  20' 水冷": 83, "固溶处理 1130℃ 20' 水冷": 84, "固溶处理 1140℃ 30' 水冷": 85, "固溶处理 1150℃ 20' 油冷": 86, "固溶处理 1150℃ 20' 油冷 时效 750℃": 87, "固溶处理 1150℃ 30' 水冷": 88, "固溶处理 1170℃  20' 水冷": 89, "固溶处理 1170℃  60' 水冷": 90, "固溶处理 1170℃ 20' 水冷": 91, "固溶处理 1170℃ 30' 水冷": 92, "固溶处理 1200℃ 20' 水冷": 93, "固溶处理 1200℃ 20' 水冷 时效 800": 94, "固溶处理 1200℃ 20' 油冷": 95, "固溶处理 1200℃ 20' 油冷 时效 800℃": 96, "固溶处理 1230℃ 20' 水冷": 97, "固溶处理1000℃/2h 空冷 +620℃/2h 空冷": 98, "固溶处理:1170-1175℃ 45分 水冷": 99, "固溶热处理 1010℃ 1(h) 空冷": 100, "固溶热处理 1015℃ 1(h) 空冷": 101, "固溶热处理 1040℃ 1(h) 油冷": 102, "固溶热处理 1040℃ 1(h) 空冷": 103, "固溶热处理 980℃ 1(h) 空冷": 104, "固溶热处理 990℃ 1(h) 空冷": 105, "最终 锻造 温度 :980℃": 106, "消除应力 270-300℃ 1h": 107, "消除应力:630℃ 10h 炉冷": 108, "消除应力:640℃ 10h 炉冷": 109, "淬火 880℃ 油冷+780℃ 油冷": 110, "淬火 900℃ 油冷+870℃ 油冷": 111, "淬火前 550℃箱式炉预热 ": 112, "淬火前 550℃预热": 113, "淬火后  -78℃ 冷处理  然后回火": 114, "热轧": 115, "热轧 回火 600℃": 116, "热轧+高温 回火": 117, "焊后预热 至 270℃ ": 118, "焊态": 119, "焊态 回火 650℃": 120, "盐浴炉 930℃ *20分 180~190℃ *2h 等温 +": 121, "盐浴炉 930℃ *20分 240~260℃ *2h 等温 +": 122, "盐浴炉 930℃ *20分 240℃ *2h 等温 + 300℃": 123, "盐浴炉 930℃ *20分 280~290℃ *2h 等温 +": 124, "盐浴炉 930℃ *20分 280℃ *2h 等温 + 300℃": 125, "盐浴炉 930℃ *20分 320℃ *2h 等温": 126, "砂型 铸造": 127, "砂型铸模": 128, "砂型铸锭": 129, "轧制后 1180℃*2h 空冷 1050℃*4h 空冷.": 130, "轧态(固溶)": 131, "软氮化 (540℃ 4h 油冷 淬火)": 132, "退火": 133, "铸态": 134, "铸态: 不热处理": 135, "铸态:不热处理": 136, "铸造": 137, "铸造  (固溶)": 138, "锻造": 139, "锻造 回火 600℃": 140, "锻造: 950℃ *30 分": 141, "锻造: 加热 温度 1220℃ 终锻温度": 142, "锻造后  690℃* 8h 二次 回火": 143, "锻造后空冷 至 800℃  保持 5分;": 144, "预处理:1010℃ 35h 空冷 720℃ 25h 炉冷;": 145, "预处理:1030℃ 18h 空冷 720℃ 21h 炉冷;": 146, "预处理:860℃ 空冷 640℃ 控制冷却": 147, "预热:550℃  850℃ ;1120℃ 淬火(油冷);650℃*2h": 148}, "热处理2": {"(油冷)+160℃ 回火": 0, "* 10h  回火": 1, "+ 160℃ 回火": 2, "+ 220℃ 回火": 3, "+ 420℃ 1 hr 回火   空冷.": 4, "+ 450℃ 1h 空冷": 5, "+ 520℃ 时效": 6, "+ 774℃ 油冷  + 150℃ 回火": 7, "+ 800℃ 油冷 + 150℃ 回火": 8, "+ 830℃ 油冷  + 150℃ 回火": 9, "+160℃ 回火": 10, "+590℃/2h 空冷": 11, "+600℃*2h  两次 回火": 12, "+600℃*2hr 两次 回火": 13, "0": 14, "1120℃ 油冷 淬火": 15, "1180℃  快速加热": 16, "1180℃ 油冷 淬火": 17, "15℃ 保温 1.5h   +   600℃ 时效 1.5h(空冷)": 18, "15℃ 保温 1.5h + 500℃时效 1.5h(空冷)": 19, "280~290℃ 回火": 20, "5h 空冷": 21, "630~650℃* 1.5~2h 回火   空冷": 22, "680℃* 5h + 680℃* 4h 二次 回火": 23, "705±10℃*20h 空冷": 24, "750-760℃ 5h 时效 空冷": 25, "750~800℃ *16h 空冷": 26, "750℃ 时效": 27, "800℃*16h 空冷": 28, "815℃ 时效 20h 炉冷到 730℃": 29, "850℃  盐浴炉": 30, "910℃ 空冷 .": 31, "980℃淬火 油冷;650℃*2h +660℃*2h": 32, "三次 + 160℃ 回火": 33, "中间一次时效 590℃ 4(h) 空冷": 34, "中间一次时效 620℃ 4(h) 空冷": 35, "中间一次时效 630℃ 4(h) 空冷": 36, "中间一次时效 650℃ 1(h) 空冷": 37, "中间一次时效 650℃ 4(h) 空冷": 38, "中间一次时效 660℃ 4(h) 空冷": 39, "中间一次时效 665℃ 4(h) 空冷": 40, "中间一次时效 670℃ 4(h) 空冷": 41, "中间一次时效 680℃ 4(h) 空冷": 42, "中间一次时效 690℃ 4(h) 空冷": 43, "中间一次时效 700℃ 4(h) 空冷": 44, "中间一次时效 815℃ 30' 空冷": 45, "中间一次时效 815℃ 70' 空冷": 46, "回火": 47, "回火 (两次 )   水冷": 48, "回火 200℃ 空冷": 49, "时效   空冷": 50, "时效 1h (空冷) -----------RH400": 51, "时效 760℃ 10h 空冷": 52, "时效 处理 760℃   10h  空冷": 53, "时效 处理 760℃  10h 空冷": 54, "最终处理:840℃ 水冷  600±10℃ 炉冷": 55, "最终时效 640℃ 4(h) 空冷": 56, "淬火 (780℃-830℃)+回火 190℃ 2h": 57, "炉;1030℃淬火 (油冷);610℃*2h +615℃*2h": 58, "焊后 回火 690~710℃": 59, "盐浴炉;1010℃ 淬火 油冷  400℃*2hr+": 60, "调质处理:950℃ 19h 风冷 670℃ 48h 炉冷": 61, "调质处理:955℃ 25h 风冷 680℃ 35h 炉冷": 62}, "热处理3": {"0": 0, "200℃ * 2h * 二次": 1, "300℃ * 2h * 二次": 2, "400℃ * 2h * 二次": 3, "400℃*2hr 两次": 4, "520℃ * 2h * 二次": 5, "540℃ * 2h * 二次": 6, "560℃ * 2h * 二次": 7, "600℃ * 2h * 二次": 8, "630℃ * 2h * 二次": 9, "650℃ * 2h * 二次": 10, "两次": 11, "保温 20h 空冷": 12, "最终时效 560℃ 5(h) 空冷": 13, "最终时效 570℃ 5(h) 空冷": 14, "最终时效 580℃ 5(h) 空冷": 15, "最终时效 585℃ 5(h) 空冷": 16, "最终时效 590℃ 5(h) 空冷": 17, "最终时效 600℃ 5(h) 空冷": 18, "最终时效 605℃ 5(h) 空冷": 19, "最终时效 610℃ 5(h) 空冷": 20, "最终时效 620℃ 5(h) 空冷": 21, "锻造比:2": 22, "除应力处理:630℃ 23h 炉冷": 23, "除应力处理:645℃ 20h 炉冷": 24}, "热处理4": {"0": 0}, "渗氮": {"0": 0, "软氮化 0.21mm": 1}, "渗碳": {"0": 0, "920  渗碳 油冷": 1}, "回火": {"0": 0, "150-180℃ 2h 空冷": 1, "150℃": 2, "160℃": 3, "160℃   120' 空冷": 4, "160℃ 120' 空冷": 5, "180℃": 6, "180℃ 120' 空冷": 7, "180℃ 2h 空冷": 8, "180℃ 2hr": 9, "180℃ 3h": 10, "190℃ 2h": 11, "190℃ 2h 空冷": 12, "200℃": 13, "200℃  120' 空冷": 14, "200℃  2h": 15, "200℃ 120' 空冷": 16, "200℃ 2h 空冷": 17, "200℃ 3h 空冷": 18, "200℃ 60分 空冷": 19, "200℃ 水冷": 20, "200℃ 空冷": 21, "210℃ 3h": 22, "220℃ 空冷": 23, "230℃  120' 空冷": 24, "240℃ 3h": 25, "250℃ 空冷": 26, "260℃  120' 空冷": 27, "260℃  2h": 28, "260℃ *2h": 29, "260℃ 120' 空冷": 30, "260℃ 空冷": 31, "270℃": 32, "270℃ 2h+200℃ 空冷": 33, "270℃ 3h": 34, "280~300℃ *2h  (空冷 )": 35, "280~300℃ *2h  (空冷)": 36, "280~300℃* 2h": 37, "280℃ * 2h": 38, "280℃ *2h": 39, "280℃ *4h": 40, "280℃ *6h": 41, "300℃": 42, "300℃ *2h": 43, "300℃ 1.5h 空冷 (两次)": 44, "300℃ 2h 空冷": 45, "300℃ 2h+200℃ 空冷": 46, "300℃ 35分 空冷": 47, "300℃ 3h": 48, "300℃ 3h 空冷": 49, "300℃ 60分 空冷": 50, "300℃ 空冷": 51, "300℃ 空冷 (两次)": 52, "310℃ * 2h": 53, "340℃ * 2h": 54, "340℃ 2h+200℃ 空冷": 55, "350℃": 56, "350℃ 2h 空冷": 57, "350℃ 空冷": 58, "360℃ 空冷": 59, "380℃  回火": 60, "380℃ 2h 空冷": 61, "400℃": 62, "400℃ 1.5h 盐浴炉": 63, "400℃ 2hr 空冷": 64, "400℃ 3h": 65, "400℃ 60 分 空冷": 66, "400℃ 空冷": 67, "440~470℃  水冷": 68, "440℃ 1.5h 盐浴炉": 69, "440℃ 1.5h保温 空冷": 70, "450℃": 71, "450℃ 空冷": 72, "460℃ 1h 空冷": 73, "460℃ 2h 油冷": 74, "470℃ 水冷": 75, "480℃  3h 空冷": 76, "480℃ 1.5h 盐浴炉": 77, "480℃ 1.5h保温 空冷": 78, "480℃ 水冷": 79, "480℃ 空冷": 80, "500℃": 81, "500℃   空冷": 82, "500℃  2h": 83, "500℃  60' 油冷": 84, "500℃  60--75'  水冷": 85, "500℃ 1.5h 空冷 (两次)": 86, "500℃ 3h": 87, "500℃ 两次": 88, "500℃ 油冷": 89, "500℃ 空冷": 90, "510℃": 91, "510℃  3h 空冷": 92, "510℃  水冷": 93, "510℃ 空冷": 94, "520℃  2h": 95, "520℃ 3h": 96, "525℃": 97, "530℃": 98, "530℃  2h": 99, "530℃ 1h 三次": 100, "540+-10℃ 1.5h 空冷": 101, "540℃": 102, "540℃  2h": 103, "540℃  水冷": 104, "540℃ 3h": 105, "540℃ 水冷": 106, "550 ℃": 107, "550~585℃": 108, "550℃": 109, "550℃ 1h 空冷": 110, "550℃ 2h 空冷": 111, "550℃ 7h 炉冷": 112, "550℃ 水冷": 113, "550℃ 油冷": 114, "550℃ 空冷": 115, "560~650℃": 116, "560℃": 117, "560℃   空冷": 118, "560℃  2h": 119, "560℃  水冷": 120, "560℃ 1.5hr 空冷": 121, "560℃ 1h 空冷": 122, "560℃ 2h 空冷": 123, "560℃ 3h (空冷)": 124, "560℃-620℃ >=90' 水冷": 125, "570℃": 126, "570℃ (两次)": 127, "570℃ 60 分 空冷": 128, "575℃ 14h (空冷)": 129, "580 ℃": 130, "580℃": 131, "580℃ 1.5h 空冷(两次)": 132, "580℃ 30-40' 油冷": 133, "580℃ 3h": 134, "580℃ 6h 空冷": 135, "580℃ 两次": 136, "580℃ 油冷": 137, "580℃ 空冷": 138, "590℃": 139, "590℃ (两次)  水冷": 140, "595/550 2h 空冷 两次": 141, "595℃ 2hr 空冷+560℃ 2hr 空冷": 142, "600~610℃": 143, "600±10℃": 144, "600℃": 145, "600℃  (空冷)": 146, "600℃  60--75'  水冷": 147, "600℃ (两次)  水冷": 148, "600℃ (空冷)": 149, "600℃ * 5h": 150, "600℃ 1.5h": 151, "600℃ 1.5h 空冷": 152, "600℃ 1.5h 空冷(两次)": 153, "600℃ 1h 空冷": 154, "600℃ 2h 空冷": 155, "600℃ 3h": 156, "600℃ 6hr": 157, "600℃ 保温 50分 油冷": 158, "600℃ 油冷": 159, "600℃ 空冷": 160, "600℃(空冷) 1.5h 两次": 161, "600℃(空冷) 2h 两次": 162, "600℃/610℃ 两次 空冷": 163, "600℃/655℃ 两次 空冷": 164, "610±10℃": 165, "610℃ 2h 空冷": 166, "610℃ 7h 炉冷": 167, "610℃ 7h 空冷": 168, "610℃*2h +600℃*2h": 169, "620℃ 1.5h 空冷(两次)": 170, "620℃ 4.5hr 空冷": 171, "620℃ 油冷": 172, "620℃ 炉冷": 173, "625℃": 174, "630-650℃": 175, "630℃": 176, "630℃ 5h 炉冷": 177, "630℃ 5h 空冷": 178, "630℃(两次) 水冷": 179, "640~650℃ (水冷)": 180, "640~670℃": 181, "640℃": 182, "640℃ 1.5h 空冷(两次)": 183, "640℃*2hr+620℃*2hr": 184, "640℃/655℃ 2h 空冷 两次": 185, "650~660℃ *(8分/毫米)空冷": 186, "650~660℃* 6h": 187, "650℃": 188, "650℃ * 5h": 189, "650℃ 2h 空冷": 190, "650℃ 3.5h": 191, "650℃ 空冷": 192, "650℃(空冷) 2h 两次": 193, "660℃ 3h": 194, "660℃ 5h 空冷": 195, "665℃ 15h 炉冷": 196, "670℃ *6h+670℃* 6h+690℃* 10h": 197, "670℃ 15h 炉冷": 198, "670℃ 1h 空冷": 199, "670℃ 空冷": 200, "670℃* 5h+670℃* 4h 二次": 201, "670℃* 6h": 202, "670℃/680℃ 2h 空冷 两次": 203, "670℃±10℃": 204, "675℃": 205, "680~690℃ *(8分/毫米)空冷": 206, "680℃": 207, "680℃ 10h": 208, "680℃ 10h 空冷": 209, "680℃ 2h 空冷": 210, "680℃ 3h": 211, "680℃ 3h 700℃ 3h": 212, "680℃ 6h": 213, "680℃ 空冷": 214, "680℃* 10h 空冷": 215, "680℃* 3h +680℃* 3h 二次": 216, "680℃* 5h": 217, "680℃* 6h": 218, "685℃ * 5h": 219, "690℃ 2h 空冷": 220, "690℃ 空冷": 221, "690℃* 5h": 222, "700-750℃": 223, "700℃": 224, "700℃ * 1h  空冷": 225, "700℃ * 5h": 226, "700℃ *6h": 227, "700℃ 10h 空冷": 228, "700℃ 3h 空冷": 229, "700℃ 6h": 230, "700℃ 6h 空冷": 231, "700℃ 7h 空冷": 232, "700℃ 空冷": 233, "700℃(空冷) 2h 两次": 234, "700℃* 6h": 235, "705℃ 7h 空冷": 236, "710℃ 10h": 237, "710℃ 10h 空冷": 238, "710℃ 6h 空冷": 239, "710℃ 空冷": 240, "710℃-740℃ 空冷": 241, "720±10℃": 242, "720℃": 243, "720℃ 10h": 244, "720℃ 2h 空冷": 245, "720℃ 3h": 246, "720℃ 6h": 247, "720℃ 空冷": 248, "720℃* 6h": 249, "730-780℃ 60'": 250, "730℃ * 1h  空冷": 251, "730℃ 空冷": 252, "740℃": 253, "740℃ 3h": 254, "740℃ 6h": 255, "750℃": 256, "750℃  (空冷)": 257, "750℃ * 1h  空冷": 258, "760℃": 259, "760℃ * 3h": 260, "760℃ 5h": 261, "760℃ 60 分": 262, "770℃": 263, "770℃ (3h)": 264, "770℃ (3hr)": 265, "770℃ * 3h": 266, "770℃ 3h 空冷": 267, "790℃ * 3h": 268, "800℃": 269, "800℃  (水冷)": 270}, "淬火": {"0": 0, "1000℃     空冷": 1, "1000℃   水冷": 2, "1000℃ (油冷)": 3, "1000℃ *45分": 4, "1000℃ 30' 油冷": 5, "1000℃ 油冷": 6, "1020℃ 油冷": 7, "1020℃(油冷)": 8, "1025℃ 90' 水冷": 9, "1030℃": 10, "1030℃ (油冷)": 11, "1030℃ 2h 水冷": 12, "1030℃ 二次": 13, "1030℃ 油冷": 14, "1040℃ 油冷": 15, "1050℃": 16, "1050℃  油冷": 17, "1050℃ *20分  油冷": 18, "1050℃ 2h 油冷": 19, "1050℃ 40' 油冷": 20, "1050℃ 水冷": 21, "1050℃ 油冷": 22, "1050℃ 空冷": 23, "1050℃ 空冷 或 水冷": 24, "1050℃; 980℃ (油冷)": 25, "1060~1080℃ (油冷)": 26, "1060℃ 油冷": 27, "1060℃(油冷)": 28, "1070℃ 空冷": 29, "1080-1130℃ 水冷": 30, "1080℃ *20分  油冷": 31, "1080℃ 水冷": 32, "1080℃ 油冷": 33, "1080℃(油冷)": 34, "1100-1150℃ 油冷": 35, "1100℃     空冷": 36, "1100℃   水冷": 37, "1100℃  (水冷)": 38, "1100℃ (油冷)": 39, "1100℃ 油冷": 40, "1140℃ 油冷": 41, "1150℃ 水冷": 42, "1150℃ 油冷": 43, "1160~1190℃  水冷": 44, "1175℃* 30分 (水冷)": 45, "1200℃     空冷": 46, "1200℃   水冷": 47, "1200℃ 水冷": 48, "1200℃ 油冷": 49, "1220℃* 5 分 (水冷)": 50, "470℃ 水冷": 51, "500℃ (水冷)": 52, "500℃ 水冷": 53, "515℃ 水冷": 54, "550-620℃ 空冷": 55, "780-810℃": 56, "810℃ 水冷": 57, "810℃ 油冷": 58, "820-830℃ 油冷": 59, "820℃   油冷": 60, "820℃ 0.5h 水冷": 61, "820℃ 40分(水冷)": 62, "820℃ 油冷": 63, "820℃-850℃ 40' 水冷": 64, "830~850℃ 油冷": 65, "830℃  油冷": 66, "830℃ 7分 油冷": 67, "830℃ 水冷": 68, "830℃ 油冷": 69, "840~870℃ 油冷": 70, "840±10℃(油冷-空冷-油冷)": 71, "840℃   油冷": 72, "840℃ (油冷)": 73, "840℃ 0.5h 水冷": 74, "840℃ 3h (油冷)": 75, "840℃ 水冷": 76, "840℃ 油冷": 77, "850~870℃ 油冷": 78, "850℃   50'   油冷": 79, "850℃  (油冷)": 80, "850℃  25' 油冷": 81, "850℃  45' 油冷": 82, "850℃ (水冷)": 83, "850℃ (油冷)": 84, "850℃ 0.5h 水冷": 85, "850℃ 2h 油冷": 86, "850℃ 7分 油冷": 87, "850℃ 油冷": 88, "860+-10℃ 1h 水冷": 89, "860℃  风冷": 90, "860℃ 30' 油冷": 91, "860℃ 40' 油冷": 92, "860℃ 780℃ 两次  40' 油冷": 93, "860℃ 780℃ 两次 40' 油冷": 94, "860℃ 水冷": 95, "860℃ 油冷": 96, "860℃+ 800~820℃ (油冷)": 97, "865-885℃ 油冷": 98, "870℃    油冷": 99, "870℃  风冷": 100, "870℃ (油冷)": 101, "870℃ 0.5h 油冷": 102, "870℃ 30' 油冷": 103, "870℃ 40分 油冷": 104, "870℃ 油冷": 105, "875℃  空冷": 106, "875℃ 30分 空冷": 107, "880℃": 108, "880℃    油冷": 109, "880℃  (油冷)": 110, "880℃  水冷": 111, "880℃ 1h 油冷": 112, "880℃ 2h 油冷": 113, "880℃ 30 分 油冷": 114, "880℃ 30-45' 油冷": 115, "880℃ 保温 35 分 油冷": 116, "880℃ 水冷": 117, "880℃ 油冷": 118, "880℃ 空冷 或 油冷": 119, "890℃  (油冷)": 120, "890℃ 10h 水冷": 121, "890℃ 15h 水冷": 122, "890℃ 30 分 空冷": 123, "890℃ 30' 油冷": 124, "890℃ 油冷": 125, "900℃   油冷": 126, "900℃ (油冷)": 127, "900℃ 30' 油冷+840℃ 30' 油冷": 128, "900℃ 890℃ 两次 油冷": 129, "900℃ 水冷": 130, "900℃ 油冷": 131, "900℃ 油冷+870℃ 油冷": 132, "910℃ 油冷": 133, "920~930℃ *(2.5分/毫米)水冷": 134, "920℃": 135, "920℃   油冷": 136, "920℃ *20分 油冷": 137, "920℃ 180℃ 回火 空冷": 138, "920℃ 300℃ 回火 空冷": 139, "920℃ 油冷": 140, "920℃ 空冷": 141, "930~950℃ (水冷)": 142, "930℃    空冷": 143, "930℃   油冷": 144, "930℃  油冷": 145, "930℃ *20分  油冷": 146, "930℃ 2h 水冷": 147, "930℃ 水冷": 148, "930℃ 水冷 5' 油冷": 149, "930℃ 油冷": 150, "940℃   油冷": 151, "950+/-10℃ 风冷": 152, "950℃": 153, "950℃ * 30分 (水冷)": 154, "950℃ 15分 油冷": 155, "950℃ 油冷": 156, "970℃ 油冷": 157, "970℃* 8h 油冷": 158, "975℃(油冷)": 159, "975℃(空冷)": 160, "980 ℃": 161, "980℃": 162, "980℃ 油冷": 163, "985℃ 30' 油冷": 164, "二次 (780-830℃)": 165, "盐浴 炉 930℃ *20分(油冷": 166, "盐浴炉 930℃ *20分(油冷)": 167, "直接 淬火 810℃": 168, "第一次 880℃ 油冷 第二次 870℃": 169}, "正火": {"0": 0, "1000℃": 1, "1000℃ * 45分": 2, "1000℃ *45分": 3, "1000℃ *45分(堆冷)": 4, "1000℃ 1h": 5, "1020-1070℃ 6'保温": 6, "1030-1060℃ 空冷 980-1000℃ 空": 7, "1030~1050℃": 8, "1030℃ 90' 空冷": 9, "1040℃  960℃  二次": 10, "1045℃": 11, "1050℃": 12, "1050℃ 10分": 13, "1050℃ 40' 空冷": 14, "1050℃ 空冷": 15, "1070℃ 45'": 16, "1080℃ (90分)": 17, "1100℃": 18, "1100℃(60 分)": 19, "1100℃(90 分)": 20, "650℃ 空冷": 21, "700℃ 空冷": 22, "800℃ 空冷": 23, "820-860℃ 空冷": 24, "840±10℃": 25, "840℃ 1h 空冷": 26, "840℃ 水冷": 27, "850±10℃": 28, "850℃": 29, "850℃  30分 空冷": 30, "850℃ *24h  空冷": 31, "850℃ 空冷": 32, "860℃": 33, "875℃": 34, "880-910℃ 空冷": 35, "880℃": 36, "880℃ 1h 空冷": 37, "880℃ 45分 空冷": 38, "890℃ 2h 空冷": 39, "890℃ 空冷": 40, "900-960℃": 41, "900℃": 42, "900℃  8分 空冷": 43, "900℃ 2h": 44, "900℃ 4h 空冷": 45, "900℃ 空冷": 46, "915℃ 空冷": 47, "920~930℃ *(2.5分/毫米)空冷": 48, "920℃": 49, "920℃ 1.5h 空冷": 50, "920℃ 2.5hr 空冷": 51, "920℃ 45' 空冷": 52, "920℃ 空冷": 53, "925℃": 54, "930~950℃": 55, "930℃": 56, "930℃ 40'": 57, "950±10℃ + 940±10℃": 58, "950℃": 59, "950℃ 45'": 60, "950℃ 空冷": 61, "960℃±10℃(风冷)": 62, "980℃ 18h 空冷": 63, "980℃ 2h 空冷": 64, "985℃ 45'": 65, "盐浴 炉 940℃ *20分": 66}, "退火": {"0": 0, "1000℃": 1, "550~620℃": 2, "600-700℃": 3, "600~700℃  1~4 h  空冷": 4, "600℃": 5, "680~690℃ 炉冷": 6, "690+/-10℃ 炉冷": 7, "690~710℃  炉冷": 8, "740~780℃": 9, "740℃ 1h 炉冷": 10, "820-850℃": 11, "880℃": 12, "900-920℃ 250℃ 出炉": 13, "900℃  (炉冷)": 14, "930℃ 2h": 15, "940℃ 3.5h 650℃ 出炉": 16, "950℃": 17, "不处理": 18}, "熔炼方式": {"0": 0}, "热加工方式": {"0": 0}, "热处理工艺": {"0": 0}}, "xn": "断面收缩率", "max": {"C": 3.45, "Mn": 18.0, "Si": 11.91, "P": 0.4, "S": 0.091, "Cr": 29.5, "Mo": 6.0, "V": 1.92, "Ni": 63.464, "W": 9.0, "Ce": 0.02, "La": 0.0, "Ca": 0.0035, "Co": 19.88, "Nb": 0.96, "Ti": 3.2, "B": 0.03, "Cu": 99.9, "Sr": 0.0, "Se": 0.0, "Na": 0.0, "Hg": 0.0, "Cd": 0.0, "Ag": 0.002, "As": 0.13, "Bi": 0.088, "Zn": 37.75, "Sb": 15.9, "Sn": 99.58, "Pb": 99.51, "N": 0.4, "O": 0.0053, "H": 0.00026, "Mg": 2.15, "热处理1": 148.0, "热处理2": 62.0, "热处理3": 24.0, "热处理4": 0.0, "渗氮": 1.0, "渗碳": 1.0, "回火": 270.0, "淬火": 169.0, "正火": 66.0, "退火": 18.0, "熔炼方式": 0.0, "热加工方式": 0.0, "热处理工艺": 0.0, "断面收缩率": 914.5}, "min": {"C": 0.0, "Mn": 0.0, "Si": 0.0, "P": 0.0, "S": 0.0, "Cr": 0.0, "Mo": 0.0, "V": 0.0, "Ni": 0.0, "W": 0.0, "Ce": 0.0, "La": 0.0, "Ca": 0.0, "Co": 0.0, "Nb": 0.0, "Ti": 0.0, "B": 0.0, "Cu": 0.0, "Sr": 0.0, "Se": 0.0, "Na": 0.0, "Hg": 0.0, "Cd": 0.0, "Ag": 0.0, "As": 0.0, "Bi": 0.0, "Zn": 0.0, "Sb": 0.0, "Sn": 0.0, "Pb": 0.0, "N": 0.0, "O": 0.0, "H": 0.0, "Mg": 0.0, "热处理1": 0.0, "热处理2": 0.0, "热处理3": 0.0, "热处理4": 0.0, "渗氮": 0.0, "渗碳": 0.0, "回火": 0.0, "淬火": 0.0, "正火": 0.0, "退火": 0.0, "熔炼方式": 0.0, "热加工方式": 0.0, "热处理工艺": 0.0, "断面收缩率": 0.2}, "median": {"C": 0.2, "Mn": 0.61, "Si": 0.31, "P": 0.017, "S": 0.011, "Cr": 1.65, "Mo": 0.3, "V": 0.0, "Ni": 0.15, "W": 0.0, "Ce": 0.0, "La": 0.0, "Ca": 0.0, "Co": 0.0, "Nb": 0.0, "Ti": 0.0, "B": 0.0, "Cu": 0.0, "Sr": 0.0, "Se": 0.0, "Na": 0.0, "Hg": 0.0, "Cd": 0.0, "Ag": 0.0, "As": 0.0, "Bi": 0.0, "Zn": 0.0, "Sb": 0.0, "Sn": 0.0, "Pb": 0.0, "N": 0.0, "O": 0.0, "H": 0.0, "Mg": 0.0, "热处理1": 0.0, "热处理2": 14.0, "热处理3": 0.0, "热处理4": 0.0, "渗氮": 0.0, "渗碳": 0.0, "回火": 13.0, "淬火": 0.0, "正火": 0.0, "退火": 0.0, "熔炼方式": 0.0, "热加工方式": 0.0, "热处理工艺": 0.0, "断面收缩率": 60.9}}