{"gy_map": {"热处理1": {"0": 0}, "热处理2": {"0": 0}, "热处理3": {"0": 0}, "热处理4": {"0": 0}, "渗氮": {"0": 0}, "渗碳": {"0": 0}, "回火": {"0": 0}, "淬火": {"0": 0}, "正火": {"0": 0}, "退火": {"0": 0}, "熔炼方式": {"0": 0}, "热加工方式": {"0": 0}, "热处理工艺": {"0": 0}}, "xn": "电阻率", "max": {"C": 3.8, "Mn": 9.4, "Si": 3.0, "P": 0.4, "S": 0.053, "Cr": 23.42, "Mo": 3.04, "V": 0.49, "Ni": 37.04, "W": 1.43, "Ce": 0.0, "La": 0.0, "Ca": 0.0, "Co": 19.88, "Nb": 0.35, "Ti": 2.7, "B": 0.0034, "Cu": 99.9, "Sr": 0.0, "Se": 0.0, "Na": 0.0, "Hg": 0.0, "Cd": 0.0, "Ag": 0.002, "As": 0.015, "Bi": 0.08, "Zn": 37.75, "Sb": 0.03, "Sn": 99.58, "Pb": 99.51, "N": 0.4, "O": 7e-06, "H": 0.0, "Mg": 2.4, "热处理1": 0.0, "热处理2": 0.0, "热处理3": 0.0, "热处理4": 0.0, "渗氮": 0.0, "渗碳": 0.0, "回火": 0.0, "淬火": 0.0, "正火": 0.0, "退火": 0.0, "熔炼方式": 0.0, "热加工方式": 0.0, "热处理工艺": 0.0, "电阻率": 4.28}, "min": {"C": 0.0, "Mn": 0.0, "Si": 0.0, "P": 0.0, "S": 0.0, "Cr": 0.0, "Mo": 0.0, "V": 0.0, "Ni": 0.0, "W": 0.0, "Ce": 0.0, "La": 0.0, "Ca": 0.0, "Co": 0.0, "Nb": 0.0, "Ti": 0.0, "B": 0.0, "Cu": 0.0, "Sr": 0.0, "Se": 0.0, "Na": 0.0, "Hg": 0.0, "Cd": 0.0, "Ag": 0.0, "As": 0.0, "Bi": 0.0, "Zn": 0.0, "Sb": 0.0, "Sn": 0.0, "Pb": 0.0, "N": 0.0, "O": 0.0, "H": 0.0, "Mg": 0.0, "热处理1": 0.0, "热处理2": 0.0, "热处理3": 0.0, "热处理4": 0.0, "渗氮": 0.0, "渗碳": 0.0, "回火": 0.0, "淬火": 0.0, "正火": 0.0, "退火": 0.0, "熔炼方式": 0.0, "热加工方式": 0.0, "热处理工艺": 0.0, "电阻率": 0.017}, "median": {"C": 0.2, "Mn": 0.58, "Si": 0.3, "P": 0.012, "S": 0.008, "Cr": 1.05, "Mo": 0.0, "V": 0.0, "Ni": 0.06, "W": 0.0, "Ce": 0.0, "La": 0.0, "Ca": 0.0, "Co": 0.0, "Nb": 0.0, "Ti": 0.0, "B": 0.0, "Cu": 0.0, "Sr": 0.0, "Se": 0.0, "Na": 0.0, "Hg": 0.0, "Cd": 0.0, "Ag": 0.0, "As": 0.0, "Bi": 0.0, "Zn": 0.0, "Sb": 0.0, "Sn": 0.0, "Pb": 0.0, "N": 0.0, "O": 0.0, "H": 0.0, "Mg": 0.0, "热处理1": 0.0, "热处理2": 0.0, "热处理3": 0.0, "热处理4": 0.0, "渗氮": 0.0, "渗碳": 0.0, "回火": 0.0, "淬火": 0.0, "正火": 0.0, "退火": 0.0, "熔炼方式": 0.0, "热加工方式": 0.0, "热处理工艺": 0.0, "电阻率": 0.72}}