{"gy_map": {"热处理1": {" 锻造后 空冷": 0, "0": 1, "热轧": 2}, "热处理2": {"0": 0}, "热处理3": {"0": 0}, "热处理4": {"0": 0}, "渗氮": {"0": 0}, "渗碳": {"0": 0}, "回火": {"0": 0, "200℃ 2h 空冷": 1, "510℃ 空冷": 2, "580℃": 3, "600℃ * 5h": 4, "620℃ 4.5hr 空冷": 5, "670℃±10℃": 6, "690℃ 2h 空冷": 7, "700℃ 空冷": 8, "730-780℃ 60'": 9, "760℃": 10, "760℃ 60 分": 11}, "淬火": {"0": 0, "1050℃ 油冷": 1, "1160℃ 油冷": 2, "840℃ 水冷": 3, "900℃ 油冷": 4, "950℃ 油冷": 5, "985℃ 30' 油冷": 6}, "正火": {"0": 0, "1020-1070℃ 6'保温": 1, "1045℃": 2, "1050℃ 10分": 3, "850℃": 4, "860℃": 5, "900℃": 6, "900℃ 空冷": 7, "920℃ 2.5hr 空冷": 8, "960℃±10℃(风冷)": 9}, "退火": {"0": 0}, "熔炼方式": {"0": 0}, "热加工方式": {"0": 0}, "热处理工艺": {"0": 0}}, "xn": "晶状断口百分比", "max": {"C": 0.63, "Mn": 1.57, "Si": 0.68, "P": 0.035, "S": 0.052, "Cr": 11.7, "Mo": 2.05, "V": 0.97, "Ni": 2.11, "W": 7.93, "Ce": 0.0, "La": 0.0, "Ca": 0.0, "Co": 0.0, "Nb": 0.08, "Ti": 0.28, "B": 0.001, "Cu": 0.15, "Sr": 0.0, "Se": 0.0, "Na": 0.0, "Hg": 0.0, "Cd": 0.0, "Ag": 0.0, "As": 0.0, "Bi": 0.0, "Zn": 0.0, "Sb": 0.0, "Sn": 0.0, "Pb": 0.0, "N": 0.035, "O": 0.0, "H": 0.0, "Mg": 0.0, "热处理1": 2.0, "热处理2": 0.0, "热处理3": 0.0, "热处理4": 0.0, "渗氮": 0.0, "渗碳": 0.0, "回火": 11.0, "淬火": 6.0, "正火": 9.0, "退火": 0.0, "熔炼方式": 0.0, "热加工方式": 0.0, "热处理工艺": 0.0, "晶状断口百分比": 100.0}, "min": {"C": 0.06, "Mn": 0.32, "Si": 0.02, "P": 0.0, "S": 0.0, "Cr": 0.0, "Mo": 0.0, "V": 0.0, "Ni": 0.0, "W": 0.0, "Ce": 0.0, "La": 0.0, "Ca": 0.0, "Co": 0.0, "Nb": 0.0, "Ti": 0.0, "B": 0.0, "Cu": 0.0, "Sr": 0.0, "Se": 0.0, "Na": 0.0, "Hg": 0.0, "Cd": 0.0, "Ag": 0.0, "As": 0.0, "Bi": 0.0, "Zn": 0.0, "Sb": 0.0, "Sn": 0.0, "Pb": 0.0, "N": 0.0, "O": 0.0, "H": 0.0, "Mg": 0.0, "热处理1": 0.0, "热处理2": 0.0, "热处理3": 0.0, "热处理4": 0.0, "渗氮": 0.0, "渗碳": 0.0, "回火": 0.0, "淬火": 0.0, "正火": 0.0, "退火": 0.0, "熔炼方式": 0.0, "热加工方式": 0.0, "热处理工艺": 0.0, "晶状断口百分比": 3.0}, "median": {"C": 0.2, "Mn": 0.66, "Si": 0.34, "P": 0.014, "S": 0.011, "Cr": 0.13, "Mo": 0.06, "V": 0.0, "Ni": 0.135, "W": 0.0, "Ce": 0.0, "La": 0.0, "Ca": 0.0, "Co": 0.0, "Nb": 0.0, "Ti": 0.0, "B": 0.0, "Cu": 0.0, "Sr": 0.0, "Se": 0.0, "Na": 0.0, "Hg": 0.0, "Cd": 0.0, "Ag": 0.0, "As": 0.0, "Bi": 0.0, "Zn": 0.0, "Sb": 0.0, "Sn": 0.0, "Pb": 0.0, "N": 0.0, "O": 0.0, "H": 0.0, "Mg": 0.0, "热处理1": 1.0, "热处理2": 0.0, "热处理3": 0.0, "热处理4": 0.0, "渗氮": 0.0, "渗碳": 0.0, "回火": 2.0, "淬火": 0.0, "正火": 1.0, "退火": 0.0, "熔炼方式": 0.0, "热加工方式": 0.0, "热处理工艺": 0.0, "晶状断口百分比": 52.8}}