{"gy_map": {"热处理1": {"-196℃ 冷处理 回火 200℃": 0, "0": 1, "1/2硬态": 2, "1000℃ 加热 + 180℃ 等温 1h   空冷 + 600℃": 3, "1000℃ 固溶(水冷)+(-70~-80℃)2 hr 冷处理": 4, "1020℃过热  等温处理 270℃": 5, "1050~1080℃ 固溶 + 950℃ 空冷 + (-70℃)2h + 400℃": 6, "1050℃   40分 (空冷) + (-78℃)  4h 冷处理": 7, "1050℃ 30分(空冷) + (-78℃)* 0.25h + 530℃ *2h 空冷 co": 8, "1050℃ 固溶 + (-78℃)冷处理": 9, "1050℃ 固溶 + 8%  冷变形": 10, "1050℃ 固溶 + 冷变形 + 520℃ 时效": 11, "1050℃ 固溶 +14%  冷变形": 12, "1050℃ 固溶 +24%  冷变形": 13, "1050℃ 固溶 +43%  冷变形": 14, "1050℃ 固溶 +57%  冷变形": 15, "1050℃ 固溶 +71%  冷变形": 16, "1050℃ 固溶处理 30分 水冷 或 油冷": 17, "1050℃ 空冷": 18, "1050℃ 空冷 + 760℃ 1.5h 空冷 到室温后于": 19, "1050℃ 空冷 + 975℃ 水冷   (-70℃) 2h": 20, "1060℃ 15-20分  860℃ 淬火至室温": 21, "1080℃*4h 空冷 + 900℃*10h 空冷": 22, "1100~1150℃ 固溶": 23, "1100℃ * 20h固溶": 24, "1100℃ 水冷(固溶)": 25, "1120℃*2h 固溶处理 空冷 + 850℃*24h": 26, "1135±10℃*2h 空冷 + 845±10℃*24h <=2h/炉冷": 27, "1150℃*4h 空冷 + 850℃*16h 空冷": 28, "1170℃*0.5h (水冷) + 800℃*16h (空冷)": 29, "1180~1200℃ * 2.5~8h 空冷;1050℃ *4h 空冷;": 30, "1180℃ 水冷 780℃ 时效 8~10h 730℃ 二次 时效 25h.": 31, "1200℃ 锻造  空冷": 32, "1200℃ 锻造  空冷  ;950℃ 正火": 33, "140℃ 16hr 空冷": 34, "140℃ 16hr 空冷 +100℃ 7.5hr 空冷": 35, "140℃ 16hr 空冷 +125℃ 7.5hr 空冷": 36, "160℃ 时效 (14hr)": 37, "160℃ 时效 14hr": 38, "185-195℃ 6-12h 空冷+200℃ 50h 空冷": 39, "185-195℃ 6-12h 空冷+225℃ 50h 空冷": 40, "185-195℃ 6-12h 空冷+250℃ 50h 空冷": 41, "185-195℃ 空冷": 42, "190℃ 空冷": 43, "25℃ 96h": 44, "25℃ 96h+100℃ 50h 空冷": 45, "25℃ 96h+125℃ 50h 空冷": 46, "25℃ 96h+150℃ 50h 空冷": 47, "25℃ 96h+175℃ 50h 空冷": 48, "400~500℃  箱式炉和 800~850℃盐浴炉 预热": 49, "400~500℃ 箱式炉和 800~850℃盐浴炉 预热": 50, "400~500℃ 箱式炉和 800~850℃盐浴炉预热": 51, "400~500℃箱式炉和 800~850℃盐浴炉 预热": 52, "400~500℃箱式炉和800~850℃ 盐浴炉预热": 53, "400~500℃箱式炉和800~850℃盐浴炉 预热": 54, "400~500℃箱式炉和800~850℃盐浴炉预热": 55, "400℃ 时效 60分": 56, "540℃ 时效 10000 hr": 57, "550℃ 850℃预热 ;1130℃ 淬火 油冷  650℃*2hr": 58, "550℃ 箱式炉 850℃": 59, "550℃ 箱式炉预热  850℃ 盐浴": 60, "550℃ 箱式炉预热 850℃ 盐浴炉": 61, "650℃ 时效 1000h": 62, "650℃ 时效 3000h": 63, "800℃ 时效 10h": 64, "830℃ 炉冷至700℃  等温 8h  炉冷至< 500℃ 空冷": 65, "850~870℃ 油冷   690℃* 5h ; 850~870℃ 油冷  ": 66, "860℃ 碳氮共渗 油冷 190℃ 回火 空冷.": 67, "860℃碳氮共渗 油冷": 68, "880℃ 加热  450℃ 等温 20分  油冷": 69, "880℃ 加热 + 320℃ 等温 20分   油冷": 70, "880℃ 加热 + 370℃ 等温 20分  油冷": 71, "880℃ 加热 + 410℃ 等温 20分  油冷": 72, "880℃ 加热 +500℃  等温 20分  油冷": 73, "880℃ 碳氮共渗 油冷": 74, "880℃ 碳氮共渗 油冷 -60℃ 冷处理 ": 75, "890℃ 加热 230℃ 等温+250℃ 回火 空冷": 76, "890℃ 加热 270℃ 等温+310℃ 回火 空冷": 77, "900℃ 加热    280℃  等温 1h": 78, "900℃ 加热 + 200℃ 等温 + 220℃ 回火": 79, "900℃ 加热 + 340℃ 等温 1h": 80, "900℃ 加热 180℃ 等温 + 200℃ 回火": 81, "900℃ 加热 180℃ 等温 + 230℃ 回火": 82, "900℃ 加热 220℃ 等温+ 250℃ 回火  空冷": 83, "900℃ 加热 230℃ 等温+ 220℃ 回火  空冷": 84, "920℃ 伪 渗碳 8h  +840℃ 淬火 (油冷)": 85, "920℃ 伪渗碳 8h   + 830~840℃ 淬火(油冷 )": 86, "920℃ 伪渗碳 8h  (空冷)+ 850℃ 淬火": 87, "920℃ 伪渗碳 8h +  840℃ 淬火(油冷)": 88, "920℃ 伪渗碳 8h + 800~810℃ 淬火(油冷)": 89, "920℃ 伪渗碳 8h+840℃ 淬火 (油冷) 两次": 90, "940±10℃ 渗碳 6-7h 860-880℃ 油淬 ": 91, "940℃ 伪 渗碳 8h + 810℃ 淬火 (油冷)": 92, "970℃* 8h 伪 渗碳 (油冷 ) + 150℃ 回火": 93, "970℃* 8h 伪 渗碳 (油冷) + 150℃ 回火": 94, "CH: 1050~1080℃固溶(水冷 或 空冷)+ 冷处理": 95, "RH450": 96, "RH500~510": 97, "RH550": 98, "RH600": 99, "RH: 1050~1080℃固溶(水冷 或 空冷)+950℃(空冷)": 100, "TH: 1050~1080℃固溶(水冷 或 空冷)+760℃(空冷": 101, "不处理": 102, "二次高温回火 (580℃ 6h 650℃ 6h)+二次": 103, "人工时效 175℃ 10h": 104, "余热淬火   670℃* 10h + 670℃* 8.5h + 690℃": 105, "余热淬火  670℃* 5h+670℃* 4h 二次": 106, "供货状态": 107, "冷处理 回火 200℃": 108, "冷处理 回火 300℃": 109, "冷处理 回火 400℃": 110, "冷处理 回火 550℃": 111, "冷轧": 112, "合金不热处理": 113, "固溶处理": 114, "固溶处理 1000℃ 20' 油冷": 115, "固溶处理 1050℃ 20' 水冷": 116, "固溶处理 1050℃ 20' 油冷": 117, "固溶处理 1080℃ 30' 水冷": 118, "固溶处理 1100℃ 20' 水冷": 119, "固溶处理 1100℃ 20' 油冷": 120, "固溶处理 1100℃ 20' 油冷 时效 700℃": 121, "固溶处理 1120℃  20' 水冷": 122, "固溶处理 1130℃ 20' 水冷": 123, "固溶处理 1140℃ 30' 水冷": 124, "固溶处理 1150℃ 20' 油冷": 125, "固溶处理 1150℃ 20' 油冷 时效 750℃": 126, "固溶处理 1150℃ 30' 水冷": 127, "固溶处理 1170℃  20' 水冷": 128, "固溶处理 1170℃  60' 水冷": 129, "固溶处理 1170℃ 20' 水冷": 130, "固溶处理 1170℃ 30' 水冷": 131, "固溶处理 1200℃ 20' 水冷": 132, "固溶处理 1200℃ 20' 水冷 时效 800": 133, "固溶处理 1200℃ 20' 油冷": 134, "固溶处理 1200℃ 20' 油冷 时效 800℃": 135, "固溶处理 1230℃ 20' 水冷": 136, "固溶处理1000℃/2h 空冷 +620℃/2h 空冷": 137, "固溶处理:1170-1175℃ 45分 水冷": 138, "固溶热处理 1010℃ 1(h) 空冷": 139, "固溶热处理 1015℃ 1(h) 空冷": 140, "固溶热处理 1040℃ 1(h) 油冷": 141, "固溶热处理 1040℃ 1(h) 空冷": 142, "固溶热处理 535℃ 6h 水冷": 143, "固溶热处理 980℃ 1(h) 空冷": 144, "固溶热处理 990℃ 1(h) 空冷": 145, "手工电弧焊;焊丝4#": 146, "手工电弧焊;焊丝5#": 147, "最终 锻造 温度 :980℃": 148, "未处理; 手工电弧焊;焊丝4#": 149, "未处理; 手工电弧焊;焊丝5#": 150, "未处理;等离子焊;焊丝5#": 151, "未退火": 152, "正火+回火": 153, "消除应力 270-300℃ 1h": 154, "消除应力:630℃ 10h 炉冷": 155, "消除应力:640℃ 10h 炉冷": 156, "淬火 1060-1080℃ 15-20分  860℃ ": 157, "淬火 880℃ 油冷+780℃ 油冷": 158, "淬火 900℃ 油冷+870℃ 油冷": 159, "淬火前 550℃箱式炉预热 ": 160, "淬火前 550℃预热": 161, "淬火后  -78℃ 冷处理  然后回火": 162, "渗碳+二次 淬火 (780-830℃)+回火": 163, "渗碳+二次高温回火 (580℃ 6h   650℃": 164, "炉温 850℃±10℃  板温 760℃~": 165, "热轧": 166, "热轧 回火 600℃": 167, "热轧+高温 回火": 168, "热轧后 700℃ 回火 8h  空冷": 169, "焊后  620~650℃ 回火": 170, "焊后预热 至 270℃ ": 171, "焊态": 172, "焊态 回火 650℃": 173, "盐浴炉 930℃ *20分 180~190℃ *2h 等温 +": 174, "盐浴炉 930℃ *20分 240~260℃ *2h 等温 +": 175, "盐浴炉 930℃ *20分 240℃ *2h 等温 + 300℃": 176, "盐浴炉 930℃ *20分 280~290℃ *2h 等温 +": 177, "盐浴炉 930℃ *20分 280℃ *2h 等温 + 300℃": 178, "盐浴炉 930℃ *20分 320℃ *2h 等温": 179, "石墨铸造": 180, "砂型 铸造": 181, "砂型铸模": 182, "砂型铸造": 183, "砂型铸锭": 184, "碳氮共渗 直接 淬火 (810℃)+回火 190℃ 2h": 185, "等离子焊 ; 焊丝 4#": 186, "轧制后 1180℃*2h 空冷 1050℃*4h 空冷.": 187, "轧态(固溶)": 188, "软氮化 (540℃ 4h 油冷 淬火)": 189, "退火": 190, "铸态": 191, "铸态: 不热处理": 192, "铸态:不热处理": 193, "铸造": 194, "铸造  (固溶)": 195, "锻造": 196, "锻造 回火 600℃": 197, "锻造: 950℃ *30 分": 198, "锻造: 加热 温度 1220℃ 终锻温度": 199, "锻造后  690℃* 8h 二次 回火": 200, "锻造后空冷 至 800℃  保持 5分;": 201, "预处理:1010℃ 35h 空冷 720℃ 25h 炉冷;": 202, "预处理:1030℃ 18h 空冷 720℃ 21h 炉冷;": 203, "预处理:860℃ 空冷 640℃ 控制冷却": 204, "预热:550℃  850℃ ;1120℃ 淬火(油冷);650℃*2h": 205}, "热处理2": {"(冷轧或冷拉)+480℃时效 (空冷)": 0, "(油冷)+160℃ 回火": 1, "* 10h  回火": 2, "+ 160℃ 回火": 3, "+ 220℃ 回火": 4, "+ 420℃ 1 hr 回火   空冷.": 5, "+ 450℃ 1h 空冷": 6, "+ 520℃ 时效": 7, "+ 774℃ 油冷  + 150℃ 回火": 8, "+ 800℃ 油冷 + 150℃ 回火": 9, "+ 830℃ 油冷  + 150℃ 回火": 10, "+(-78℃)冷处理 + 510℃时效(空冷)": 11, "+125℃ 5hr 空冷": 12, "+150℃ 5hr 空冷": 13, "+160℃ 回火": 14, "+590℃/2h 空冷": 15, "+600℃*2h  两次 回火": 16, "+600℃*2hr 两次 回火": 17, "-196℃ 冷处理": 18, "-60℃ 冷处理": 19, "0": 20, "1120℃ 油冷 淬火": 21, "1180℃  快速加热": 22, "1180℃ 快速加热": 23, "1180℃ 油冷 淬火": 24, "15℃ 保温 1.5h   +   600℃ 时效 1.5h(空冷)": 25, "15℃ 保温 1.5h + 500℃时效 1.5h(空冷)": 26, "15℃ 保温 1.5h + 550~570℃ 时效 1.5h(空冷)": 27, "15℃保温 1.5h + 400℃时效 1.5h(空冷)": 28, "15℃保温 1.5h + 450℃时效 1.5h(空冷)": 29, "190±10℃ 回火": 30, "190℃ 2h": 31, "280~290℃ 回火": 32, "5h 空冷": 33, "630~650℃* 1.5~2h 回火   空冷": 34, "680℃* 5h + 680℃* 4h 二次 回火": 35, "6h)二次 淬火 (780-830℃)+回火 190℃ 2h": 36, "705±10℃*20h 空冷": 37, "750-760℃ 5h 时效 空冷": 38, "750~800℃ *16h 空冷": 39, "750℃ 时效": 40, "780-800℃ 两次油淬 200℃ 2h 回火": 41, "780℃  随炉冷至 500℃  打开炉门": 42, "800℃*16h 空冷": 43, "815℃ 时效 20h 炉冷到 730℃": 44, "850℃  盐浴炉": 45, "910℃ 空冷 .": 46, "980℃淬火 油冷;650℃*2h +660℃*2h": 47, "cold)+565~570℃ 时效 (空冷)": 48, "三次 + 160℃ 回火": 49, "中间一次时效 590℃ 4(h) 空冷": 50, "中间一次时效 620℃ 4(h) 空冷": 51, "中间一次时效 630℃ 4(h) 空冷": 52, "中间一次时效 650℃ 1(h) 空冷": 53, "中间一次时效 650℃ 4(h) 空冷": 54, "中间一次时效 660℃ 4(h) 空冷": 55, "中间一次时效 665℃ 4(h) 空冷": 56, "中间一次时效 670℃ 4(h) 空冷": 57, "中间一次时效 680℃ 4(h) 空冷": 58, "中间一次时效 690℃ 4(h) 空冷": 59, "中间一次时效 700℃ 4(h) 空冷": 60, "中间一次时效 815℃ 30' 空冷": 61, "中间一次时效 815℃ 70' 空冷": 62, "人工时效 175℃ 10h": 63, "回火": 64, "回火 (两次 )   水冷": 65, "回火 200℃ 空冷": 66, "时效   空冷": 67, "时效 1h (空冷) -----------RH400": 68, "时效 760℃ 10h 空冷": 69, "时效 处理 760℃   10h  空冷": 70, "时效 处理 760℃  10h 空冷": 71, "最终处理:840℃ 水冷  600±10℃ 炉冷": 72, "最终时效 640℃ 4(h) 空冷": 73, "淬火 (780℃-830℃)+回火 190℃ 2h": 74, "淬火 至室温 水冷 -78℃ 冷处理": 75, "渗层 1mm": 76, "温度--水冷---78℃ 冷处理--室温": 77, "炉;1030℃淬火 (油冷);610℃*2h +615℃*2h": 78, "焊后 回火 690~710℃": 79, "盐浴炉;1010℃ 淬火 油冷  400℃*2hr+": 80, "调质处理:950℃ 19h 风冷 670℃ 48h 炉冷": 81, "调质处理:955℃ 25h 风冷 680℃ 35h 炉冷": 82}, "热处理3": {" 200℃": 0, "0": 1, "200℃ * 2h * 二次": 2, "300℃ * 2h * 二次": 3, "400℃ * 2h * 二次": 4, "400℃*2hr 两次": 5, "500℃ * 2h * 二次": 6, "520℃ * 2h * 二次": 7, "540℃ * 2h * 二次": 8, "560℃ * 2h * 二次": 9, "600℃ * 2h * 二次": 10, "630℃ * 2h * 二次": 11, "650℃ * 2h * 二次": 12, "两次": 13, "保温 20h 空冷": 14, "室温 160℃ 3h": 15, "最终时效 560℃ 5(h) 空冷": 16, "最终时效 570℃ 5(h) 空冷": 17, "最终时效 580℃ 5(h) 空冷": 18, "最终时效 585℃ 5(h) 空冷": 19, "最终时效 590℃ 5(h) 空冷": 20, "最终时效 600℃ 5(h) 空冷": 21, "最终时效 605℃ 5(h) 空冷": 22, "最终时效 610℃ 5(h) 空冷": 23, "最终时效 620℃ 5(h) 空冷": 24, "温度--水冷-- 160℃ 3h": 25, "空冷": 26, "锻造比:2": 27, "除应力处理:630℃ 23h 炉冷": 28, "除应力处理:645℃ 20h 炉冷": 29}, "热处理4": {"0": 0}, "渗氮": {"0": 0, "层深 1mm": 1, "软氮化 0.21mm": 2}, "渗碳": {"0": 0, "920  渗碳 油冷": 1, "层深 1mm": 2}, "回火": {"0": 0, "150-180℃ 2h 空冷": 1, "150℃": 2, "150℃ 2h 空冷": 3, "150℃ ２ｈ": 4, "160℃": 5, "160℃   120' 空冷": 6, "160℃ 120' 空冷": 7, "160℃ 2h": 8, "160℃ 3h": 9, "180℃": 10, "180℃ 120' 空冷": 11, "180℃ 2h 空冷": 12, "180℃ 2hr": 13, "180℃ 3h": 14, "190℃ 2h": 15, "190℃ 2h 空冷": 16, "200℃": 17, "200℃  2h": 18, "200℃ 120' 空冷": 19, "200℃ 2h 空冷": 20, "200℃ 3h 空冷": 21, "200℃ 60分 空冷": 22, "200℃ 水冷": 23, "200℃ 空冷": 24, "210℃ 3h": 25, "220℃": 26, "220℃ 空冷": 27, "230℃  120' 空冷": 28, "240℃ 3h": 29, "250℃ 空冷": 30, "260℃  120' 空冷": 31, "260℃  2h": 32, "260℃ *2h": 33, "260℃ 120' 空冷": 34, "260℃ 空冷": 35, "270℃": 36, "270℃  空冷": 37, "270℃ 2h+200℃ 空冷": 38, "270℃ 3h": 39, "280~300℃ *2h  (空冷 )": 40, "280~300℃ *2h  (空冷)": 41, "280~300℃* 2h": 42, "280℃ * 2h": 43, "280℃ *2h": 44, "280℃ *4h": 45, "280℃ *6h": 46, "300℃": 47, "300℃ *2h": 48, "300℃ 1.5h 空冷 (两次)": 49, "300℃ 2h 空冷": 50, "300℃ 2h+200℃ 空冷": 51, "300℃ 35分 空冷": 52, "300℃ 3h": 53, "300℃ 3h 空冷": 54, "300℃ 60分 空冷": 55, "300℃ 空冷": 56, "300℃ 空冷 (两次)": 57, "310℃ * 2h": 58, "320℃ 空冷": 59, "340℃ * 2h": 60, "340℃ 2h+200℃ 空冷": 61, "350℃": 62, "350℃ 2h 空冷": 63, "350℃ 空冷": 64, "360℃ 空冷": 65, "380℃  回火": 66, "380℃ 2h 空冷": 67, "400~420℃*2h (空冷)": 68, "400℃": 69, "400℃ 1.5h 盐浴炉": 70, "400℃ 2hr 空冷": 71, "400℃ 3h": 72, "400℃ 60 分 空冷": 73, "400℃ 空冷": 74, "440~470℃  水冷": 75, "440℃ 1.5h 盐浴炉": 76, "440℃ 1.5h保温 空冷": 77, "450℃": 78, "450℃  (空冷)": 79, "450℃ 空冷": 80, "460℃       空冷": 81, "460℃ 1h 空冷": 82, "460℃ 2h 油冷": 83, "470℃ 水冷": 84, "480℃  3h 空冷": 85, "480℃ 1.5h 盐浴炉": 86, "480℃ 1.5h保温 空冷": 87, "480℃ 水冷": 88, "480℃ 空冷": 89, "500℃": 90, "500℃   空冷": 91, "500℃  (空冷)": 92, "500℃  2h": 93, "500℃  60' 油冷": 94, "500℃  60--75'  水冷": 95, "500℃ 1.5h 空冷 (两次)": 96, "500℃ 3h": 97, "500℃ 两次": 98, "500℃ 油冷": 99, "500℃ 空冷": 100, "510℃": 101, "510℃  3h 空冷": 102, "510℃  水冷": 103, "510℃ 空冷": 104, "520℃  2h": 105, "520℃ 3h": 106, "525℃": 107, "530℃": 108, "530℃  2h": 109, "530℃ 1h 三次": 110, "540+-10℃ 1.5h 空冷": 111, "540℃": 112, "540℃  2h": 113, "540℃  水冷": 114, "540℃ 3h": 115, "540℃ 水冷": 116, "550 ℃": 117, "550~585℃": 118, "550℃": 119, "550℃  (空冷)": 120, "550℃ 1h 空冷": 121, "550℃ 2h 空冷": 122, "550℃ 7h 炉冷": 123, "550℃ 水冷": 124, "550℃ 油冷": 125, "550℃ 空冷": 126, "560~650℃": 127, "560℃": 128, "560℃   空冷": 129, "560℃  2h": 130, "560℃  水冷": 131, "560℃ 1.5hr 空冷": 132, "560℃ 1h 空冷": 133, "560℃ 2h 空冷": 134, "560℃ 3h (空冷)": 135, "560℃-620℃ >=90' 水冷": 136, "570℃": 137, "570℃ (两次)": 138, "570℃ 60 分 空冷": 139, "575℃ 14h (空冷)": 140, "580 ℃": 141, "580℃": 142, "580℃ 1.5h 空冷(两次)": 143, "580℃ 30-40' 油冷": 144, "580℃ 3h": 145, "580℃ 6h 空冷": 146, "580℃ 两次": 147, "580℃ 油冷": 148, "580℃ 空冷": 149, "590℃": 150, "590℃ (两次)  水冷": 151, "595/550 2h 空冷 两次": 152, "595℃ 2hr 空冷+560℃ 2hr 空冷": 153, "600~610℃": 154, "600±10℃": 155, "600℃": 156, "600℃  (空冷)": 157, "600℃  2h  空冷": 158, "600℃  60--75'  水冷": 159, "600℃ (两次)  水冷": 160, "600℃ (空冷)": 161, "600℃ * 5h": 162, "600℃ 1.5h": 163, "600℃ 1.5h 空冷": 164, "600℃ 1.5h 空冷(两次)": 165, "600℃ 1h 空冷": 166, "600℃ 2h 空冷": 167, "600℃ 3h": 168, "600℃ 6hr": 169, "600℃ 保温 50分 油冷": 170, "600℃ 油冷": 171, "600℃ 空冷": 172, "600℃(空冷) 1.5h 两次": 173, "600℃(空冷) 2h 两次": 174, "600℃/610℃ 两次 空冷": 175, "600℃/655℃ 两次 空冷": 176, "610±10℃": 177, "610℃ 2h 空冷": 178, "610℃ 7h 炉冷": 179, "610℃ 7h 空冷": 180, "610℃*2h +600℃*2h": 181, "620℃ 1.5h 空冷(两次)": 182, "620℃ 2h 空冷": 183, "620℃ 4.5hr 空冷": 184, "620℃ 油冷": 185, "620℃ 炉冷": 186, "625℃": 187, "630-650℃": 188, "630℃": 189, "630℃ 5h 炉冷": 190, "630℃ 5h 空冷": 191, "630℃(两次) 水冷": 192, "640~650℃ (水冷)": 193, "640~670℃": 194, "640℃": 195, "640℃ 1.5h 空冷(两次)": 196, "640℃*2hr+620℃*2hr": 197, "640℃/655℃ 2h 空冷 两次": 198, "650~660℃ *(8分/毫米)空冷": 199, "650~660℃* 6h": 200, "650℃": 201, "650℃ * 5h": 202, "650℃ 2h 空冷": 203, "650℃ 3.5h": 204, "650℃ 空冷": 205, "650℃(空冷) 2h 两次": 206, "660℃ 3h": 207, "660℃ 5h 空冷": 208, "665℃ 15h 炉冷": 209, "670℃ *6h+670℃* 6h+690℃* 10h": 210, "670℃ 15h 炉冷": 211, "670℃ 1h 空冷": 212, "670℃ 空冷": 213, "670℃* 5h+670℃* 4h 二次": 214, "670℃* 6h": 215, "670℃/680℃ 2h 空冷 两次": 216, "670℃±10℃": 217, "675℃": 218, "680~690℃ *(8分/毫米)空冷": 219, "680℃": 220, "680℃ 10h": 221, "680℃ 10h 空冷": 222, "680℃ 2h 空冷": 223, "680℃ 3h": 224, "680℃ 3h 700℃ 3h": 225, "680℃ 6h": 226, "680℃ 空冷": 227, "680℃* 10h 空冷": 228, "680℃* 3h +680℃* 3h 二次": 229, "680℃* 5h": 230, "680℃* 6h": 231, "685℃ * 5h": 232, "690℃ 2h 空冷": 233, "690℃ 空冷": 234, "690℃* 5h": 235, "700-750℃": 236, "700℃": 237, "700℃ * 1h  空冷": 238, "700℃ * 5h": 239, "700℃ *6h": 240, "700℃ 10h 空冷": 241, "700℃ 3h 空冷": 242, "700℃ 6h": 243, "700℃ 6h 空冷": 244, "700℃ 7h 空冷": 245, "700℃ 空冷": 246, "700℃(空冷) 2h 两次": 247, "700℃* 6h": 248, "705℃ 7h 空冷": 249, "710℃ 10h": 250, "710℃ 10h 空冷": 251, "710℃ 6h 空冷": 252, "710℃ 空冷": 253, "710℃-740℃ 空冷": 254, "720±10℃": 255, "720℃": 256, "720℃ 10h": 257, "720℃ 2h 空冷": 258, "720℃ 3h": 259, "720℃ 6h": 260, "720℃ 空冷": 261, "720℃* 6h": 262, "730-780℃ 60'": 263, "730℃ * 1h  空冷": 264, "730℃ 空冷": 265, "740℃": 266, "740℃ 3h": 267, "740℃ 6h": 268, "750℃": 269, "750℃  (空冷)": 270, "750℃ * 1h  空冷": 271, "750℃ 3hr": 272, "760℃": 273, "760℃     60 分 (空冷": 274, "760℃     90 分 (空冷": 275, "760℃    120 分 (空冷": 276, "760℃  30~36 分 (空冷": 277, "760℃ * 3h": 278, "760℃ 5h": 279, "760℃ 60 分": 280, "770℃": 281, "770℃ (3h)": 282, "770℃ (3hr)": 283, "770℃ * 3h": 284, "770℃ 3h 空冷": 285, "790℃ * 3h": 286, "800℃": 287, "800℃  (水冷)": 288}, "淬火": {"0": 0, "1000℃     空冷": 1, "1000℃   水冷": 2, "1000℃ (油冷)": 3, "1000℃ *45分": 4, "1000℃ 30' 油冷": 5, "1000℃ 油冷": 6, "1020℃": 7, "1020℃ 油冷": 8, "1020℃(油冷)": 9, "1025℃ 90' 水冷": 10, "1030℃": 11, "1030℃ (油冷)": 12, "1030℃ 2h 水冷": 13, "1030℃ 二次": 14, "1030℃ 油冷": 15, "1040℃ 油冷": 16, "1050℃": 17, "1050℃  油冷": 18, "1050℃ *20分  油冷": 19, "1050℃ 2h 油冷": 20, "1050℃ 40' 油冷": 21, "1050℃ 水冷": 22, "1050℃ 油冷": 23, "1050℃ 空冷": 24, "1050℃ 空冷 或 水冷": 25, "1050℃; 980℃ (油冷)": 26, "1060~1080℃ (油冷)": 27, "1060℃": 28, "1060℃ 油冷": 29, "1060℃(油冷)": 30, "1070℃ 水冷": 31, "1070℃ 空冷": 32, "1075℃ 油冷": 33, "1080-1130℃ 水冷": 34, "1080℃ *20分  油冷": 35, "1080℃ 水冷": 36, "1080℃ 油冷": 37, "1080℃(油冷)": 38, "1100-1150℃ 油冷": 39, "1100℃     空冷": 40, "1100℃   水冷": 41, "1100℃  (水冷)": 42, "1100℃ (油冷)": 43, "1100℃ 水冷": 44, "1100℃ 油冷": 45, "1125℃ 油冷": 46, "1140℃ 油冷": 47, "1150℃ 水冷": 48, "1150℃ 油冷": 49, "1160~1190℃  水冷": 50, "1175℃* 30分 (水冷)": 51, "1180℃ 油冷": 52, "1200℃     空冷": 53, "1200℃   水冷": 54, "1200℃ 水冷": 55, "1200℃ 油冷": 56, "1220℃ 油冷": 57, "1220℃* 5 分 (水冷)": 58, "1240℃ 油冷": 59, "470℃ 水冷": 60, "495-505℃": 61, "495-505℃ 水冷": 62, "500℃ (水冷)": 63, "500℃ 水冷": 64, "515℃ 水冷": 65, "550-620℃ 空冷": 66, "780-810℃": 67, "800~820℃*25分 (油冷)": 68, "810℃ 水冷": 69, "810℃ 油冷": 70, "820-830℃ 油冷": 71, "820℃   油冷": 72, "820℃ 0.5h 水冷": 73, "820℃ 40分(水冷)": 74, "820℃ 油冷": 75, "820℃-850℃ 40' 水冷": 76, "830-840℃ 油冷": 77, "830~850℃ 油冷": 78, "830℃  油冷": 79, "830℃ 7分 油冷": 80, "830℃ 水冷": 81, "830℃ 油冷": 82, "840~870℃ 油冷": 83, "840±10℃(油冷-空冷-油冷)": 84, "840℃   油冷": 85, "840℃ (油冷)": 86, "840℃ 0.5h 水冷": 87, "840℃ 3h (油冷)": 88, "840℃ 水冷": 89, "840℃ 油冷": 90, "850-860℃ 15-20分 油冷": 91, "850-860℃ 油冷": 92, "850~870℃ 油冷": 93, "850℃   50'   油冷": 94, "850℃  (油冷)": 95, "850℃  25' 油冷": 96, "850℃  45' 油冷": 97, "850℃ (水冷)": 98, "850℃ (油冷)": 99, "850℃ 0.5h 水冷": 100, "850℃ 2h 油冷": 101, "850℃ 7分 油冷": 102, "850℃ 油冷": 103, "860+-10℃ 1h 水冷": 104, "860℃       油冷": 105, "860℃  风冷": 106, "860℃ 30' 油冷": 107, "860℃ 40' 油冷": 108, "860℃ 780℃ 两次  40' 油冷": 109, "860℃ 780℃ 两次 40' 油冷": 110, "860℃ 水冷": 111, "860℃ 油冷": 112, "860℃+ 800~820℃ (油冷)": 113, "865-885℃ 油冷": 114, "870℃    油冷": 115, "870℃  风冷": 116, "870℃ (油冷)": 117, "870℃ 0.5h 油冷": 118, "870℃ 30' 油冷": 119, "870℃ 40分 油冷": 120, "870℃ 油冷": 121, "875℃  空冷": 122, "875℃ 30分 空冷": 123, "880℃": 124, "880℃    油冷": 125, "880℃  (油冷)": 126, "880℃  水冷": 127, "880℃ 1h 油冷": 128, "880℃ 2h 油冷": 129, "880℃ 30 分 油冷": 130, "880℃ 30-45' 油冷": 131, "880℃ 保温 35 分 油冷": 132, "880℃ 水冷": 133, "880℃ 油冷": 134, "880℃ 空冷 或 油冷": 135, "890℃  (油冷)": 136, "890℃ 10h 水冷": 137, "890℃ 15h 水冷": 138, "890℃ 30 分 空冷": 139, "890℃ 30' 油冷": 140, "890℃ 油冷": 141, "900-1050℃ 空冷": 142, "900℃   油冷": 143, "900℃  水冷": 144, "900℃  油冷": 145, "900℃  空冷": 146, "900℃ (油冷)": 147, "900℃ 30' 油冷+840℃ 30' 油冷": 148, "900℃ 890℃ 两次 油冷": 149, "900℃ 水冷": 150, "900℃ 油冷": 151, "900℃ 油冷+870℃ 油冷": 152, "910℃ 油冷": 153, "920~930℃ *(2.5分/毫米)水冷": 154, "920℃": 155, "920℃   油冷": 156, "920℃ *20分 油冷": 157, "920℃ 180℃ 回火 空冷": 158, "920℃ 300℃ 回火 空冷": 159, "920℃ 油冷": 160, "920℃ 空冷": 161, "930~950℃ (水冷)": 162, "930℃    空冷": 163, "930℃   油冷": 164, "930℃  油冷": 165, "930℃ *20分  油冷": 166, "930℃ 2h 水冷": 167, "930℃ 水冷": 168, "930℃ 水冷 5' 油冷": 169, "930℃ 油冷": 170, "940℃   油冷": 171, "950+/-10℃ 风冷": 172, "950℃": 173, "950℃ * 30分 (水冷)": 174, "950℃ 15分 油冷": 175, "950℃ 油冷": 176, "970℃ 油冷": 177, "970℃* 8h 油冷": 178, "975℃(油冷)": 179, "975℃(空冷)": 180, "980 ℃": 181, "980℃": 182, "980℃ 油冷": 183, "985℃ 30' 油冷": 184, "二次 (780-830℃)": 185, "盐浴 炉 930℃ *20分(油冷": 186, "盐浴炉 930℃ *20分(油冷)": 187, "直接 淬火 810℃": 188, "第一次 880℃ 油冷 第二次 870℃": 189}, "正火": {"0": 0, "1000℃": 1, "1000℃ * 45分": 2, "1000℃ *45分": 3, "1000℃ *45分(堆冷)": 4, "1000℃ 1h": 5, "1020-1070℃ 6'保温": 6, "1030-1060℃ 空冷 980-1000℃ 空": 7, "1030~1050℃": 8, "1030℃ 90' 空冷": 9, "1040℃  960℃  二次": 10, "1045℃": 11, "1050℃": 12, "1050℃ 10分": 13, "1050℃ 40' 空冷": 14, "1050℃ 空冷": 15, "1070℃ 45'": 16, "1080℃ (90分)": 17, "1080℃(60 分)": 18, "1100℃": 19, "1100℃ (30分)": 20, "1100℃(60 分)": 21, "1100℃(90 分)": 22, "650℃ 空冷": 23, "700℃ * 24h 空冷": 24, "700℃ 空冷": 25, "800℃ 空冷": 26, "820-860℃ 空冷": 27, "840±10℃": 28, "840℃ 1h 空冷": 29, "840℃ 水冷": 30, "850±10℃": 31, "850℃": 32, "850℃  30分 空冷": 33, "850℃ *24h  空冷": 34, "850℃ 空冷": 35, "850℃-900℃": 36, "860℃": 37, "875℃": 38, "880-910℃ 空冷": 39, "880℃": 40, "880℃ 1h 空冷": 41, "880℃ 45分 空冷": 42, "890℃ 2h 空冷": 43, "890℃ 空冷": 44, "900-910℃  3h  风冷": 45, "900-960℃": 46, "900℃": 47, "900℃  8分 空冷": 48, "900℃ 2h": 49, "900℃ 4h 空冷": 50, "900℃ 空冷": 51, "910℃ 3h   雾冷": 52, "915℃ 空冷": 53, "920~930℃ *(2.5分/毫米)空冷": 54, "920℃": 55, "920℃ 1.5h 空冷": 56, "920℃ 2.5hr 空冷": 57, "920℃ 45' 空冷": 58, "920℃ 空冷": 59, "925℃": 60, "930~950℃": 61, "930℃": 62, "930℃  2h  空冷": 63, "930℃ 40'": 64, "950±10℃ + 940±10℃": 65, "950℃": 66, "950℃ 45'": 67, "950℃ 空冷": 68, "960℃±10℃(风冷)": 69, "980℃": 70, "980℃ 18h 空冷": 71, "980℃ 2h 空冷": 72, "985℃ 45'": 73, "盐浴 炉 940℃ *20分": 74}, "退火": {"0": 0, "1000℃": 1, "150~300℃  2~3 h  (空冷)": 2, "150~300℃*2~3h  (空冷)": 3, "390~420℃ 30分 (空冷 或 水冷)": 4, "480-495℃ 12-14h": 5, "500℃-700℃": 6, "530-550℃ 4-6h 200℃ 出炉": 7, "550~620℃": 8, "600-700℃": 9, "600~650℃": 10, "600~700℃  1~4 h  空冷": 11, "600℃": 12, "650℃  2hr  (炉冷)": 13, "680~690℃ 炉冷": 14, "690+/-10℃ 炉冷": 15, "690~710℃  炉冷": 16, "700℃  2hr (炉冷)": 17, "740~780℃": 18, "740℃ 1h 炉冷": 19, "820-850℃": 20, "880℃": 21, "900-920℃ 250℃ 出炉": 22, "900℃  (炉冷)": 23, "900℃ 4.5h 650℃ 出炉": 24, "920℃": 25, "920℃ 4.5h 650℃ 出炉": 26, "930℃ 2h": 27, "940℃ 3.5h 650℃ 出炉": 28, "950℃": 29, "不处理": 30, "消除应力 530-550℃4-6h": 31}, "熔炼方式": {"0": 0}, "热加工方式": {"0": 0}, "热处理工艺": {"0": 0}}, "xn": "抗拉强度", "max": {"C": 4.0, "Mn": 18.0, "Si": 11.91, "P": 0.4, "S": 0.164, "Cr": 29.5, "Mo": 6.0, "V": 1.92, "Ni": 63.464, "W": 9.0, "Ce": 0.02, "La": 0.0, "Ca": 0.0035, "Co": 19.88, "Nb": 0.96, "Ti": 3.2, "B": 0.03, "Cu": 99.9, "Sr": 0.0, "Se": 0.0, "Na": 0.0, "Hg": 0.0, "Cd": 0.0, "Ag": 0.002, "As": 0.13, "Bi": 0.088, "Zn": 37.75, "Sb": 15.9, "Sn": 99.58, "Pb": 99.51, "N": 0.4, "O": 0.08, "H": 0.00026, "Mg": 3.5, "热处理1": 205.0, "热处理2": 82.0, "热处理3": 29.0, "热处理4": 0.0, "渗氮": 2.0, "渗碳": 2.0, "回火": 288.0, "淬火": 189.0, "正火": 74.0, "退火": 31.0, "熔炼方式": 0.0, "热加工方式": 0.0, "热处理工艺": 0.0, "抗拉强度": 2557.0}, "min": {"C": 0.0, "Mn": 0.0, "Si": 0.0, "P": 0.0, "S": 0.0, "Cr": 0.0, "Mo": 0.0, "V": 0.0, "Ni": 0.0, "W": 0.0, "Ce": 0.0, "La": 0.0, "Ca": 0.0, "Co": 0.0, "Nb": 0.0, "Ti": 0.0, "B": 0.0, "Cu": 0.0, "Sr": 0.0, "Se": 0.0, "Na": 0.0, "Hg": 0.0, "Cd": 0.0, "Ag": 0.0, "As": 0.0, "Bi": 0.0, "Zn": 0.0, "Sb": 0.0, "Sn": 0.0, "Pb": 0.0, "N": 0.0, "O": 0.0, "H": 0.0, "Mg": 0.0, "热处理1": 0.0, "热处理2": 0.0, "热处理3": 0.0, "热处理4": 0.0, "渗氮": 0.0, "渗碳": 0.0, "回火": 0.0, "淬火": 0.0, "正火": 0.0, "退火": 0.0, "熔炼方式": 0.0, "热加工方式": 0.0, "热处理工艺": 0.0, "抗拉强度": 14.0}, "median": {"C": 0.19, "Mn": 0.61, "Si": 0.33, "P": 0.017, "S": 0.01, "Cr": 1.36, "Mo": 0.06, "V": 0.0, "Ni": 0.08, "W": 0.0, "Ce": 0.0, "La": 0.0, "Ca": 0.0, "Co": 0.0, "Nb": 0.0, "Ti": 0.0, "B": 0.0, "Cu": 0.0, "Sr": 0.0, "Se": 0.0, "Na": 0.0, "Hg": 0.0, "Cd": 0.0, "Ag": 0.0, "As": 0.0, "Bi": 0.0, "Zn": 0.0, "Sb": 0.0, "Sn": 0.0, "Pb": 0.0, "N": 0.0, "O": 0.0, "H": 0.0, "Mg": 0.0, "热处理1": 1.0, "热处理2": 20.0, "热处理3": 1.0, "热处理4": 0.0, "渗氮": 0.0, "渗碳": 0.0, "回火": 0.0, "淬火": 0.0, "正火": 0.0, "退火": 0.0, "熔炼方式": 0.0, "热加工方式": 0.0, "热处理工艺": 0.0, "抗拉强度": 696.0}}