{"gy_map": {"热处理1": {"0": 0, "1050~1080℃ 固溶 + 950℃ 空冷 + (-70℃)2h + 400℃": 1, "1050℃   40分 (空冷) + (-78℃)  4h 冷处理": 2, "1050℃  40分 (空冷)": 3, "1050℃ 固溶 + (-78℃)冷处理": 4, "1050℃ 固溶 + 760℃ * 2h 空冷 + 560℃ 时效": 5, "1050℃ 固溶处理 30分 水冷 或 油冷": 6, "1050℃ 空冷 + 30%  冷拔  + 520℃ *2h (空冷)": 7, "1060℃ 15-20分  860℃ 淬火至室温": 8, "1100~1150℃ 固溶": 9, "1110℃加热 15-20分 淬火  860℃": 10, "1120℃*2h 固溶处理 空冷 + 850℃*24h": 11, "1135±10℃*2h 空冷 + 845±10℃*24h <=2h/炉冷": 12, "1150℃*4h 空冷 + 850℃*16h 空冷": 13, "1170℃*0.5h (水冷) + 800℃*16h (空冷)": 14, "1180~1200℃ * 2.5~8h 空冷;1050℃ *4h 空冷;": 15, "1200℃ 锻造  空冷": 16, "1200℃ 锻造  空冷  ;950℃ 正火": 17, "140℃ 16hr 空冷": 18, "160℃ 时效 (14hr)": 19, "160℃ 时效 14hr": 20, "190℃ 空冷": 21, "400~500℃  箱式炉和 800~850℃盐浴炉 预热": 22, "400~500℃ 箱式炉和 800~850℃盐浴炉 预热": 23, "400~500℃ 箱式炉和 800~850℃盐浴炉预热": 24, "400~500℃箱式炉和 800~850℃盐浴炉 预热": 25, "400~500℃箱式炉和800~850℃ 盐浴炉预热": 26, "400~500℃箱式炉和800~850℃盐浴炉 预热": 27, "400~500℃箱式炉和800~850℃盐浴炉预热": 28, "400℃ 时效 60分": 29, "550℃ 850℃预热 ;1130℃ 淬火 油冷  650℃*2hr": 30, "550℃ 箱式炉 850℃": 31, "550℃ 箱式炉预热  850℃ 盐浴": 32, "550℃ 箱式炉预热 850℃ 盐浴炉": 33, "860℃ 碳氮共渗 油冷 190℃ 回火 空冷.": 34, "860℃碳氮共渗 油冷": 35, "880℃ 碳氮共渗 油冷": 36, "880℃ 碳氮共渗 油冷 -60℃ 冷处理 ": 37, "900℃ 加热    280℃  等温 1h": 38, "900℃ 加热 + 200℃ 等温 + 220℃ 回火": 39, "900℃ 加热 + 340℃ 等温 1h": 40, "930℃ 渗碳 10h+ 810℃ 淬火 (油冷)": 41, "930℃ 渗碳 6h + 810℃ 淬火 (油冷)": 42, "940±10℃ 渗碳 6-7h 860-880℃ 油淬 ": 43, "CH: 1050~1080℃固溶(水冷 或 空冷)+ 冷处理": 44, "RH450": 45, "RH500~510": 46, "RH550": 47, "RH600": 48, "RH: 1050~1080℃固溶(水冷 或 空冷)+950℃(空冷)": 49, "TH: 1050~1080℃固溶(水冷 或 空冷)+760℃(空冷": 50, "不处理": 51, "二次高温回火 (580℃ 6h 650℃ 6h)+二次": 52, "人工时效 175℃ 10h": 53, "固溶处理": 54, "固溶处理 1000℃ 20' 油冷": 55, "固溶处理 1050℃ 20' 水冷": 56, "固溶处理 1050℃ 20' 油冷": 57, "固溶处理 1100℃ 20' 水冷": 58, "固溶处理 1100℃ 20' 油冷": 59, "固溶处理 1100℃ 20' 油冷 时效 700℃": 60, "固溶处理 1120℃  20' 水冷": 61, "固溶处理 1130℃ 20' 水冷": 62, "固溶处理 1130℃ 30' 水冷": 63, "固溶处理 1150℃ 20' 油冷": 64, "固溶处理 1150℃ 20' 油冷 时效 750℃": 65, "固溶处理 1150℃ 30' 水冷": 66, "固溶处理 1170℃  20' 水冷": 67, "固溶处理 1170℃  60' 水冷": 68, "固溶处理 1170℃ 10' 水冷": 69, "固溶处理 1170℃ 20' 水冷": 70, "固溶处理 1170℃ 30' 水冷": 71, "固溶处理 1200℃ 20' 水冷": 72, "固溶处理 1200℃ 20' 油冷": 73, "固溶处理 1200℃ 20' 油冷 时效 800℃": 74, "固溶处理 1230℃ 20' 水冷": 75, "固溶处理1000℃/2h 空冷 +620℃/2h 空冷": 76, "固溶处理:1170-1175℃ 45分 水冷": 77, "固溶热处理 1010℃ 1(h) 空冷": 78, "固溶热处理 1015℃ 1(h) 空冷": 79, "固溶热处理 1040℃ 1(h) 油冷": 80, "固溶热处理 1040℃ 1(h) 空冷": 81, "固溶热处理 535℃ 6h 水冷": 82, "固溶热处理 980℃ 1(h) 空冷": 83, "固溶热处理 990℃ 1(h) 空冷": 84, "在连续炉伪渗碳  1 区860℃": 85, "最终 锻造 温度 :980℃": 86, "未退火": 87, "消除应力 270-300℃ 1h": 88, "消除应力:630℃ 10h 炉冷": 89, "淬火 1060-1080℃ 15-20分  860℃ ": 90, "淬火 880℃ 油冷+780℃ 油冷": 91, "淬火 900℃ 油冷+870℃ 油冷": 92, "淬火前 550℃箱式炉预热 ": 93, "淬火前 550℃预热": 94, "渗碳+二次 淬火 (780-830℃)+回火": 95, "渗碳+二次高温回火 (580℃ 6h   650℃": 96, "热轧": 97, "石墨铸造": 98, "砂型 铸造": 99, "砂型铸模": 100, "砂型铸造": 101, "砂型铸锭": 102, "碳氮共渗 直接 淬火 (810℃)+回火 190℃ 2h": 103, "轧制后 1180℃*2h 空冷 1050℃*4h 空冷.": 104, "软氮化 (540℃ 4h 油冷 淬火)": 105, "退火": 106, "铸态": 107, "铸造": 108, "铸造 :   1150℃ 固溶": 109, "锻态": 110, "锻造": 111, "锻造: 加热 温度 1220℃ 终锻温度": 112, "锻造后  690℃* 8h 二次 回火": 113, "预处理:860℃ 空冷 640℃ 控制冷却": 114, "预热:550℃  850℃ ;1120℃ 淬火(油冷);650℃*2h": 115}, "热处理2": {"(冷轧或冷拉)+480℃时效 (空冷)": 0, "+ 220℃ 回火": 1, "+ 350℃ 时效": 2, "+ 400℃ 时效": 3, "+ 450℃ 时效": 4, "+ 475℃ 时效": 5, "+ 500℃ 时效": 6, "+ 520℃ 时效": 7, "+ 540℃ 时效": 8, "+ 560℃ 时效": 9, "+ 580℃ 时效": 10, "+ 600℃ 时效": 11, "+(-78℃)冷处理 + 510℃时效(空冷)": 12, "+590℃/2h 空冷": 13, "+600℃*2h  两次 回火": 14, "+600℃*2hr 两次 回火": 15, "-60℃ 冷处理": 16, "0": 17, "1120℃ 油冷 淬火": 18, "1180℃  快速加热": 19, "1180℃ 快速加热": 20, "1180℃ 油冷 淬火": 21, "190±10℃ 回火": 22, "190℃ 2h": 23, "2 区 960℃ 3 区 910℃  共8h  预冷到 830℃ ": 24, "5h 空冷": 25, "6h)二次 淬火 (780-830℃)+回火 190℃ 2h": 26, "705±10℃*20h 空冷": 27, "750-760℃ 5h 时效 空冷": 28, "750~800℃ *16h 空冷": 29, "750℃ 时效": 30, "780-800℃ 两次油淬 200℃ 2h 回火": 31, "800℃*16h 空冷": 32, "815℃ 时效 20h 炉冷到 730℃": 33, "850℃  盐浴炉": 34, "910℃ 空冷 .": 35, "980℃淬火 油冷;650℃*2h +660℃*2h": 36, "cold)+565~570℃ 时效 (空冷)": 37, "中间一次时效 590℃ 4(h) 空冷": 38, "中间一次时效 620℃ 4(h) 空冷": 39, "中间一次时效 630℃ 4(h) 空冷": 40, "中间一次时效 650℃ 1(h) 空冷": 41, "中间一次时效 650℃ 4(h) 空冷": 42, "中间一次时效 660℃ 4(h) 空冷": 43, "中间一次时效 665℃ 4(h) 空冷": 44, "中间一次时效 670℃ 4(h) 空冷": 45, "中间一次时效 680℃ 4(h) 空冷": 46, "中间一次时效 690℃ 4(h) 空冷": 47, "中间一次时效 700℃ 4(h) 空冷": 48, "中间一次时效 815℃ 30' 空冷": 49, "中间一次时效 815℃ 70' 空冷": 50, "人工时效 175℃ 10h": 51, "回火 200℃ 空冷": 52, "回火 530℃ 三次 2h/次": 53, "时效   空冷": 54, "时效 1h (空冷) -----------RH400": 55, "时效 760℃ 10h 空冷": 56, "时效 处理 760℃   10h  空冷": 57, "时效 处理 760℃  10h 空冷": 58, "最终处理:840℃ 水冷  600±10℃ 炉冷": 59, "淬火 (780℃-830℃)+回火 190℃ 2h": 60, "淬火 至室温 水冷 -78℃ 冷处理": 61, "渗层 1mm": 62, "温度--水冷---78℃ 冷处理--室温": 63, "炉;1030℃淬火 (油冷);610℃*2h +615℃*2h": 64, "盐浴炉;1010℃ 淬火 油冷  400℃*2hr+": 65}, "热处理3": {"0": 0, "200℃ * 2h * 二次": 1, "300℃ * 2h * 二次": 2, "400℃ * 2h * 二次": 3, "400℃*2hr 两次": 4, "500℃ * 2h * 二次": 5, "520℃ * 2h * 二次": 6, "540℃ * 2h * 二次": 7, "560℃ * 2h * 二次": 8, "600℃ * 2h * 二次": 9, "630℃ * 2h * 二次": 10, "650℃ * 2h * 二次": 11, "两次": 12, "保温 20h 空冷": 13, "室温 160℃ 3h": 14, "最终时效 560℃ 5(h) 空冷": 15, "最终时效 570℃ 5(h) 空冷": 16, "最终时效 580℃ 5(h) 空冷": 17, "最终时效 585℃ 5(h) 空冷": 18, "最终时效 590℃ 5(h) 空冷": 19, "最终时效 600℃ 5(h) 空冷": 20, "最终时效 605℃ 5(h) 空冷": 21, "最终时效 610℃ 5(h) 空冷": 22, "最终时效 620℃ 5(h) 空冷": 23, "温度--水冷-- 160℃ 3h": 24, "直接油淬 + 840℃油冷  + 200℃回火  空冷": 25, "空冷": 26, "锻造比:2": 27}, "热处理4": {"0": 0}, "渗氮": {"0": 0, "层深 1mm": 1, "软氮化 0.21mm": 2}, "渗碳": {"0": 0, "1.50mm": 1, "1.74mm": 2, "920  渗碳 油冷": 3, "层深 1mm": 4}, "回火": {"0": 0, "150-180℃ 2h 空冷": 1, "160℃ 2h": 2, "160℃ 3h": 3, "170-200℃": 4, "180℃": 5, "180℃ 2hr": 6, "190℃ 2h": 7, "190℃ 2h 空冷": 8, "200℃": 9, "200℃  2h": 10, "200℃ 1h 空冷": 11, "200℃ 2h 空冷": 12, "200℃ 60分 空冷": 13, "200℃ 空冷": 14, "220℃": 15, "220℃  两次": 16, "220℃ 二次": 17, "250℃": 18, "260℃  2h": 19, "300℃": 20, "300℃ 1.5h 空冷(两次)": 21, "300℃ 2h 空冷": 22, "300℃ 两次": 23, "300℃ 二次": 24, "350℃": 25, "350℃ 2h 空冷": 26, "350℃ 两次": 27, "350℃ 二次": 28, "350℃ 空冷": 29, "380℃ 2h 空冷": 30, "400~420℃*2h (空冷)": 31, "400℃": 32, "400℃ 1.5h 盐浴炉": 33, "400℃ 2hr 空冷": 34, "400℃ 60 分 空冷": 35, "400℃ 二次": 36, "400℃ 空冷": 37, "440℃ 1.5h 盐浴炉": 38, "440℃ 1.5h保温 空冷": 39, "450℃": 40, "450℃ 二次": 41, "450℃ 空冷": 42, "460℃       空冷": 43, "460℃ 1h 空冷": 44, "460℃ 2h 油冷": 45, "480℃ 1.5h 盐浴炉": 46, "480℃ 1.5h保温 空冷": 47, "480℃ 空冷": 48, "490℃": 49, "500℃": 50, "500℃  2h": 51, "500℃  60--75'  水冷": 52, "500℃ 1.5h 空冷 (两次)": 53, "500℃ 两次": 54, "500℃ 二次": 55, "500℃ 油冷": 56, "500℃ 空冷": 57, "510℃ 空冷": 58, "520℃": 59, "520℃  2h": 60, "520℃ 二次": 61, "530℃": 62, "530℃ 1h 三次": 63, "540+-10℃ 1.5h 空冷": 64, "540℃": 65, "540℃  2h": 66, "540℃ 二次": 67, "540℃ 水冷": 68, "550 ℃": 69, "550℃": 70, "550℃ 1h 空冷": 71, "550℃ 2h 空冷": 72, "550℃ 水冷": 73, "550℃ 油冷": 74, "550℃ 空冷": 75, "560~650℃": 76, "560℃   空冷": 77, "560℃  2h": 78, "560℃ 1.5hr 空冷": 79, "560℃ 1h 空冷": 80, "560℃ 二次": 81, "560℃ 空冷 (两次)": 82, "560℃-620℃ >=90' 水冷": 83, "570℃ (两次)": 84, "570℃ 60 分 空冷": 85, "580 ℃": 86, "580℃": 87, "580℃ 1.5h 空冷 (两次)": 88, "580℃ 30-40' 油冷": 89, "580℃ 两次": 90, "580℃ 二次": 91, "580℃ 油冷": 92, "580℃ 空冷": 93, "590℃ 1.5h+570℃ 1.5h": 94, "590℃ 两次": 95, "595/550 2h 空冷 两次": 96, "595℃ 2hr 空冷+560℃ 2hr 空冷": 97, "600~610℃": 98, "600℃": 99, "600℃  (空冷)": 100, "600℃  2h  空冷": 101, "600℃  60--75'  水冷": 102, "600℃ * 5h": 103, "600℃ 1.5h": 104, "600℃ 1.5h 空冷": 105, "600℃ 1.5h 空冷 (两次)": 106, "600℃ 1h 空冷": 107, "600℃ 2h 空冷": 108, "600℃ 6hr": 109, "600℃ 二次": 110, "600℃ 保温 50分 油冷": 111, "600℃ 油冷": 112, "600℃ 空冷": 113, "600℃(空冷) 2h 两次": 114, "600℃/610℃ 两次 空冷": 115, "600℃/655℃ 两次 空冷": 116, "610℃": 117, "610℃ 2h 空冷": 118, "610℃*2h +600℃*2h": 119, "620℃": 120, "620℃ 1.5h 空冷 (两次)": 121, "620℃ 4.5hr 空冷": 122, "620℃ 两次": 123, "620℃ 油冷": 124, "620℃ 炉冷": 125, "640℃ 1.5h 空冷 (两次)": 126, "640℃*2hr+620℃*2hr": 127, "640℃/655℃ 2h 空冷 两次": 128, "650~660℃* 6h": 129, "650℃": 130, "650℃ * 5h": 131, "650℃ 2h 空冷": 132, "650℃ 空冷": 133, "650℃(空冷) 2h 两次": 134, "660℃": 135, "665℃ 15h 炉冷": 136, "670℃ 1h 空冷": 137, "670℃ 空冷": 138, "670℃/680℃ 2h 空冷 两次": 139, "670℃±10℃": 140, "680℃ 10h": 141, "680℃ 10h 空冷": 142, "680℃ 2h 空冷": 143, "680℃ 3h": 144, "680℃ 6h": 145, "680℃ 空冷": 146, "680℃* 10h 空冷": 147, "680℃* 3h +680℃* 3h 二次": 148, "680℃* 5h": 149, "680℃* 6h": 150, "685℃ * 5h": 151, "690℃ 2h 空冷": 152, "690℃ 空冷": 153, "700-750℃": 154, "700℃": 155, "700℃ * 1h  空冷": 156, "700℃ * 5h": 157, "700℃ 10h 空冷": 158, "700℃ 3h 空冷": 159, "700℃ 6h 空冷": 160, "700℃ 7h 空冷": 161, "700℃ 空冷": 162, "700℃(空冷) 2h 两次": 163, "710℃ 10h": 164, "710℃ 10h 空冷": 165, "710℃ 6h 空冷": 166, "710℃ 空冷": 167, "710℃-740℃ 空冷": 168, "720℃ 10h": 169, "720℃ 2h 空冷": 170, "720℃ 3h": 171, "730-780℃ 60'": 172, "730℃ * 1h  空冷": 173, "730℃ 空冷": 174, "740℃": 175, "750℃": 176, "750℃  (空冷)": 177, "750℃ * 1h  空冷": 178, "760℃": 179, "760℃  30~36 分 (空冷": 180, "760℃ 5h": 181, "760℃ 60 分": 182, "770℃": 183, "770℃ * 3h": 184, "770℃ 3h 空冷": 185, "800℃": 186}, "淬火": {"0": 0, "1000℃ 30' 油冷": 1, "1000℃ 油冷": 2, "1000℃(油冷)": 3, "1020℃ 油冷": 4, "1025℃ 90' 水冷": 5, "1030℃": 6, "1030℃ (油冷)": 7, "1030℃ 2h 水冷": 8, "1030℃ 油冷": 9, "1040℃ 油冷": 10, "1050℃  油冷": 11, "1050℃ *20分  油冷": 12, "1050℃ 2h 油冷": 13, "1050℃ 油冷": 14, "1050℃ 空冷": 15, "1050℃ 空冷 或 水冷": 16, "1050℃(油冷)": 17, "1060~1080℃ (油冷)": 18, "1060℃": 19, "1060℃ 油冷": 20, "1070℃ 水冷": 21, "1070℃ 油冷": 22, "1070℃ 空冷": 23, "1080-1130℃ 水冷": 24, "1080℃": 25, "1080℃ *20分  油冷": 26, "1080℃ 油冷": 27, "1080℃ 油冷(300℃) 空冷": 28, "1080℃ 油冷(300℃)4h 空冷": 29, "1080℃ 油冷(300℃)4hr 空冷": 30, "1080℃ 油冷(350℃)4h 空冷": 31, "1080℃ 油冷(520℃)2h 空冷": 32, "1080℃(油冷)": 33, "1100-1150℃ 油冷": 34, "1100℃ 油冷": 35, "1120℃": 36, "1130℃": 37, "1140℃ 油冷": 38, "1150℃ 水冷": 39, "1150℃ 油冷": 40, "1160℃": 41, "1160℃ 油冷": 42, "1175℃* 30分 (水冷)": 43, "1180℃ 油冷": 44, "1200℃ 油冷": 45, "1220℃ 油冷": 46, "1220℃* 5 分 (水冷)": 47, "1240℃ 油冷": 48, "1260℃ 油冷": 49, "470℃ 水冷": 50, "500℃ (水冷)": 51, "500℃ 水冷": 52, "515℃ 水冷": 53, "780℃ 水冷": 54, "800~820℃*25分 (油冷)": 55, "800℃ 油冷": 56, "810℃ 水冷": 57, "810℃ 油冷": 58, "820-830℃ 油冷": 59, "820℃ 0.5h 水冷": 60, "820℃ 40分(水冷)": 61, "820℃ 油冷": 62, "820℃-850℃ 40' 水冷": 63, "825℃ 油冷": 64, "830-840℃ 油冷": 65, "830~850℃ 油冷": 66, "830℃ 水冷": 67, "830℃ 油冷": 68, "840~870℃ 油冷": 69, "840℃ 0.5h 水冷": 70, "840℃ 水冷": 71, "840℃ 油冷": 72, "850-860℃ 15-20分 油冷": 73, "850-860℃ 油冷": 74, "850~870℃ 油冷": 75, "850℃   50'   油冷": 76, "850℃  45' 油冷": 77, "850℃ 0.5h 水冷": 78, "850℃ 油冷": 79, "860+-10℃ 1h 水冷": 80, "860℃       油冷": 81, "860℃ 水冷": 82, "860℃ 油冷": 83, "865-885℃ 油冷": 84, "870℃ 30' 油冷": 85, "870℃ 40分 油冷": 86, "870℃ 油冷": 87, "875℃ 油冷": 88, "880℃ 1h 油冷": 89, "880℃ 2h 油冷": 90, "880℃ 30 分 油冷": 91, "880℃ 30-45' 油冷": 92, "880℃ 保温 35 分 油冷": 93, "880℃ 油冷": 94, "880℃ 空冷 或 油冷": 95, "890℃ 10h 水冷": 96, "890℃ 30 分 空冷": 97, "890℃ 30' 油冷": 98, "900℃ (油冷)": 99, "900℃ 水冷": 100, "900℃ 油冷": 101, "900℃ 油冷+870℃ 油冷": 102, "910℃ 油冷": 103, "920℃ 油冷": 104, "950℃": 105, "950℃ * 30分 (水冷)": 106, "950℃ 15分 油冷": 107, "950℃ 油冷": 108, "960℃ 油冷": 109, "970℃ 油冷": 110, "980 ℃": 111, "980℃": 112, "980℃ 油冷": 113, "985℃ 30' 油冷": 114, "二次 (780-830℃)": 115, "直接 淬火 810℃": 116, "第一次 880℃ 油冷 第二次 870℃": 117}, "正火": {"0": 0, "1000℃": 1, "1000℃ *45分": 2, "1000℃ *45分(堆冷)": 3, "1000℃ 1h": 4, "1020-1070℃ 6'保温": 5, "1030-1060℃ 空冷 980-1000℃ 空": 6, "1030~1050℃": 7, "1030℃ 90' 空冷": 8, "1045℃": 9, "1050℃": 10, "1050℃ 10分": 11, "1050℃ 40' 空冷": 12, "1050℃ 空冷": 13, "1070℃ 45'": 14, "840℃ 1h 空冷": 15, "840℃ 水冷": 16, "850℃": 17, "850℃ *24h  空冷": 18, "850℃ 空冷": 19, "850℃-900℃": 20, "860℃": 21, "880℃": 22, "880℃ 1h 空冷": 23, "890℃ 2h 空冷": 24, "890℃ 空冷": 25, "900-910℃  3h  风冷": 26, "900-960℃": 27, "900℃": 28, "900℃ 4h 空冷": 29, "900℃ 空冷": 30, "910℃ 3h   雾冷": 31, "915℃ 空冷": 32, "920℃": 33, "920℃ 1.5h 空冷": 34, "920℃ 2.5hr 空冷": 35, "930~950℃": 36, "930℃": 37, "930℃  2h  空冷": 38, "930℃ 40'": 39, "950℃": 40, "950℃ 45'": 41, "960℃±10℃(风冷)": 42}, "退火": {"0": 0, "1000℃": 1, "150~300℃  2~3 h  (空冷)": 2, "150~300℃*2~3h  (空冷)": 3, "500℃-700℃": 4, "530-550℃ 4-6h 200℃ 出炉": 5, "600~650℃": 6, "600~700℃  1~4 h  空冷": 7, "600℃": 8, "690~710℃  炉冷": 9, "740℃ 1h 炉冷": 10, "880℃": 11, "900-920℃ 250℃ 出炉": 12, "900℃  (炉冷)": 13, "900℃ 4.5h 650℃ 出炉": 14, "920℃": 15, "920℃ 4.5h 650℃ 出炉": 16, "940℃ 3.5h 650℃ 出炉": 17, "950℃": 18, "消除应力 530-550℃4-6h": 19}, "熔炼方式": {"0": 0}, "热加工方式": {"0": 0}, "热处理工艺": {"0": 0}}, "xn": "硬度", "max": {"C": 4.0, "Mn": 11.5, "Si": 11.91, "P": 0.17, "S": 0.164, "Cr": 24.5, "Mo": 4.37, "V": 1.92, "Ni": 58.0, "W": 9.0, "Ce": 0.02, "La": 0.0, "Ca": 0.0033, "Co": 19.88, "Nb": 0.96, "Ti": 3.2, "B": 0.03, "Cu": 99.9, "Sr": 0.0, "Se": 0.0, "Na": 0.0, "Hg": 0.0, "Cd": 0.0, "Ag": 0.002, "As": 0.13, "Bi": 0.088, "Zn": 36.277, "Sb": 15.9, "Sn": 99.58, "Pb": 99.51, "Fe": 50.77, "N": 0.4, "O": 0.08, "H": 0.0, "Mg": 3.5, "热处理1": 115.0, "热处理2": 65.0, "热处理3": 27.0, "热处理4": 0.0, "渗氮": 2.0, "渗碳": 4.0, "回火": 186.0, "淬火": 117.0, "正火": 42.0, "退火": 19.0, "熔炼方式": 0.0, "热加工方式": 0.0, "热处理工艺": 0.0, "硬度": 1440.5}, "min": {"C": 0.0, "Mn": 0.0, "Si": 0.0, "P": 0.0, "S": 0.0, "Cr": 0.0, "Mo": 0.0, "V": 0.0, "Ni": 0.0, "W": 0.0, "Ce": 0.0, "La": 0.0, "Ca": 0.0, "Co": 0.0, "Nb": 0.0, "Ti": 0.0, "B": 0.0, "Cu": 0.0, "Sr": 0.0, "Se": 0.0, "Na": 0.0, "Hg": 0.0, "Cd": 0.0, "Ag": 0.0, "As": 0.0, "Bi": 0.0, "Zn": 0.0, "Sb": 0.0, "Sn": 0.0, "Pb": 0.0, "Fe": 0.0, "N": 0.0, "O": 0.0, "H": 0.0, "Mg": 0.0, "热处理1": 0.0, "热处理2": 0.0, "热处理3": 0.0, "热处理4": 0.0, "渗氮": 0.0, "渗碳": 0.0, "回火": 0.0, "淬火": 0.0, "正火": 0.0, "退火": 0.0, "熔炼方式": 0.0, "热加工方式": 0.0, "热处理工艺": 0.0, "硬度": 1.1}, "median": {"C": 0.26, "Mn": 0.525, "Si": 0.34, "P": 0.017, "S": 0.008, "Cr": 3.0, "Mo": 0.0, "V": 0.0, "Ni": 0.0, "W": 0.0, "Ce": 0.0, "La": 0.0, "Ca": 0.0, "Co": 0.0, "Nb": 0.0, "Ti": 0.0, "B": 0.0, "Cu": 0.0, "Sr": 0.0, "Se": 0.0, "Na": 0.0, "Hg": 0.0, "Cd": 0.0, "Ag": 0.0, "As": 0.0, "Bi": 0.0, "Zn": 0.0, "Sb": 0.0, "Sn": 0.0, "Pb": 0.0, "Fe": 0.0, "N": 0.0, "O": 0.0, "H": 0.0, "Mg": 0.0, "热处理1": 0.0, "热处理2": 17.0, "热处理3": 0.0, "热处理4": 0.0, "渗氮": 0.0, "渗碳": 0.0, "回火": 0.5, "淬火": 0.0, "正火": 0.0, "退火": 0.0, "熔炼方式": 0.0, "热加工方式": 0.0, "热处理工艺": 0.0, "硬度": 154.0}}