{
    "gy_map": {
        "热处理1": {
            "-196℃ 冷处理 回火 200℃": 0,
            "0": 1,
            "1020℃过热  等温处理 270℃": 2,
            "1050℃ 固溶 + (-78℃)冷处理": 3,
            "1050℃ 固溶处理 30分 水冷 或 油冷": 4,
            "1080℃*4h 空冷 + 900℃*10h 空冷": 5,
            "1120℃*2h 固溶处理 空冷 + 850℃*24h": 6,
            "1180~1200℃ * 2.5~8h 空冷;1050℃ *4h 空冷;": 7,
            "1180℃ 水冷 780℃ 时效 8~10h 730℃ 二次 时效 25h.": 8,
            "1180℃*2h 空冷  1050℃*4h 空冷  800℃*16h 空冷": 9,
            "25℃ 96h": 10,
            "840℃ 碳氮共渗 +650℃ 回火 + 830℃ 淬火(油冷)": 11,
            "860℃ 碳氮共渗 油冷 190℃ 回火 空冷.": 12,
            "860℃碳氮共渗 油冷": 13,
            "880℃ 碳氮共渗 油冷": 14,
            "880℃ 碳氮共渗 油冷 -60℃ 冷处理 ": 15,
            "900℃ 加热 + 200℃ 等温 + 220℃ 回火": 16,
            "900℃ 加热 + 300℃ 等温  1h": 17,
            "900℃ 加热 180℃ 等温 + 200℃ 回火": 18,
            "920℃ 伪 渗碳 10h +800℃ 淬火 (油冷)": 19,
            "920℃ 伪 渗碳 10h +850℃ 淬火 (油冷)": 20,
            "930℃ 伪 渗碳 8h  +780℃ 淬火 (油冷)  ": 21,
            "930℃ 伪 渗碳 8h  +830℃ 淬火 (油冷)  ": 22,
            "940±10℃ 渗碳 6-7h 860-880℃ 油淬 ": 23,
            "RH450": 24,
            "合金不热处理": 25,
            "固溶处理 1120℃  20' 水冷": 26,
            "固溶处理 1150℃ 20' 油冷 时效 750℃": 27,
            "固溶处理 1170℃ 30' 水冷": 28,
            "固溶处理1000℃/2h 空冷 +620℃/2h 空冷": 29,
            "淬火 870-850℃(150-210)' 820-840℃(50-100)'": 30,
            "淬火 880℃ 油冷+780℃ 油冷": 31,
            "淬火 900℃ 油冷+870℃ 油冷": 32,
            "淬火后  -78℃ 冷处理  然后回火": 33,
            "热轧": 34,
            "碳氮共渗 870-850℃(150-210)' 820-840℃(50-100)'": 35,
            "过热 1020℃ 等温处理 270℃ 回火 200℃": 36,
            "铸造": 37,
            "锻造: 950℃ *30 分": 38
        },
        "热处理2": {
            "+ 520℃ 时效": 0,
            "+180℃ 回火": 1,
            "+590℃/2h 空冷": 2,
            "-196℃ 冷处理": 3,
            "-60℃ 冷处理": 4,
            "-70℃ 冷处理 + 160℃ 回火": 5,
            "0": 6,
            "190±10℃ 回火": 7,
            "5h 空冷": 8,
            "750~800℃ *16h 空冷": 9,
            "780-800℃ 两次油淬 200℃ 2h 回火": 10,
            "815℃ 时效 20h 炉冷到 730℃": 11,
            "回火 200℃ 空冷": 12,
            "时效   空冷": 13,
            "时效 770℃ 10h 空冷": 14,
            "氩气保护处理": 15,
            "淬入120-130℃ 热油 12-15分": 16,
            "渗层 1mm": 17
        },
        "热处理3": { " 200℃": 0, "0": 1, "180-200℃ 回火2h 空冷": 2, "保温 20h 空冷": 3, "空冷": 4 },
        "热处理4": { "0": 0 },
        "渗氮": { "0": 0, "层深 1mm": 1 },
        "渗碳": { "0": 0, "920  渗碳 油冷": 1, "C-N(0.9-1.2mm)": 2, "层深 1mm": 3 },
        "回火": {
            "0": 0,
            "150-180℃ 2h 空冷": 1,
            "180℃": 2,
            "180℃ 2hr": 3,
            "190℃ 2h 空冷": 4,
            "200℃": 5,
            "200℃ 空冷": 6,
            "210℃ 3h": 7,
            "220℃": 8,
            "230℃  2h": 9,
            "240℃ 3h": 10,
            "260℃ 空冷": 11,
            "280~300℃* 2h": 12,
            "300℃": 13,
            "350℃": 14,
            "380℃ 2h 空冷": 15,
            "400℃ 1.5h 盐浴炉": 16,
            "400℃ 2hr 空冷": 17,
            "400℃ 60 分 空冷": 18,
            "440℃ 1.5h 盐浴炉": 19,
            "440℃ 1.5h保温 空冷": 20,
            "450℃": 21,
            "460℃ 1h 空冷": 22,
            "480℃ 1.5h 盐浴炉": 23,
            "480℃ 1.5h保温 空冷": 24,
            "500℃  60' 水冷": 25,
            "500℃  60' 油冷": 26,
            "500℃ 油冷": 27,
            "510℃": 28,
            "510℃ 空冷": 29,
            "520℃  2h": 30,
            "525℃": 31,
            "530℃ 1h 三次": 32,
            "540+-10℃ 1.5h 空冷": 33,
            "540℃ 水冷": 34,
            "550℃": 35,
            "550℃ 1h 空冷": 36,
            "550℃ 水冷": 37,
            "550℃ 油冷": 38,
            "560℃": 39,
            "560℃   空冷": 40,
            "560℃  水冷": 41,
            "560℃ 1.5hr 空冷": 42,
            "560℃ 1h 空冷": 43,
            "560℃ 3h (空冷)": 44,
            "560℃-620℃ >=90' 水冷": 45,
            "570℃ 60 分 空冷": 46,
            "580℃": 47,
            "580℃ 2h 空冷": 48,
            "580℃ 30-40' 油冷": 49,
            "580℃ 两次": 50,
            "580℃ 油冷": 51,
            "580℃ 空冷": 52,
            "600℃  60' 水冷": 53,
            "600℃ (两次)  水冷": 54,
            "600℃ 1h 空冷": 55,
            "600℃ 2h 空冷": 56,
            "600℃ 6hr": 57,
            "600℃ 保温 50分 油冷": 58,
            "600℃ 油冷": 59,
            "600℃ 空冷": 60,
            "620℃ 油冷": 61,
            "625℃": 62,
            "640~650℃ (水冷)": 63,
            "650~660℃* 6h": 64,
            "650℃": 65,
            "650℃ 2h 空冷": 66,
            "660~770℃": 67,
            "670℃ 空冷": 68,
            "680~690℃ *(8分/毫米)空冷": 69,
            "690~700℃* 1h": 70,
            "690℃ 2h 空冷": 71,
            "700℃": 72,
            "700℃ 3h 空冷": 73,
            "700℃ 空冷": 74,
            "720℃ 2h 空冷": 75,
            "750℃  (空冷)": 76
        },
        "淬火": {
            "0": 0,
            "1000~1030℃ 油冷": 1,
            "1000℃ (油冷)": 2,
            "1000℃ 30' 油冷": 3,
            "1000℃ 油冷": 4,
            "1020℃": 5,
            "1020℃ 油冷": 6,
            "1040℃ (油冷)": 7,
            "1050℃ 油冷": 8,
            "1050℃ 空冷": 9,
            "1050℃* 15~30 '(油冷)": 10,
            "1080-1130℃ 水冷": 11,
            "1100-1150℃ 油冷": 12,
            "495-505℃ 水冷": 13,
            "800℃": 14,
            "810℃ 水冷": 15,
            "810℃ 油冷": 16,
            "820℃ 0.5h 水冷": 17,
            "820℃ 油冷": 18,
            "820℃-850℃ 40' 水冷": 19,
            "830℃ 水冷": 20,
            "830℃ 油冷": 21,
            "840℃ 0.5h 水冷": 22,
            "840℃ 水冷": 23,
            "840℃ 油冷": 24,
            "850℃   50'   油冷": 25,
            "850℃  (油冷)": 26,
            "850℃  25' 油冷": 27,
            "850℃ (油冷)": 28,
            "850℃ 油冷": 29,
            "860+-10℃ 1h 水冷": 30,
            "860℃  10' 油冷": 31,
            "860℃  15' 油冷": 32,
            "860℃ 水冷": 33,
            "865-885℃ 油冷": 34,
            "870℃  水冷": 35,
            "870℃ 油冷": 36,
            "875℃  空冷": 37,
            "875℃ 30分 空冷": 38,
            "880℃    油冷": 39,
            "880℃ (油冷)": 40,
            "880℃ 1h 油冷": 41,
            "880℃ 30 分 油冷": 42,
            "880℃ 30-45' 油冷": 43,
            "880℃ 保温 35 分 油冷": 44,
            "890℃ 30 分 空冷": 45,
            "900℃ (油冷)": 46,
            "900℃ 油冷+870℃ 油冷": 47,
            "910℃ 油冷": 48,
            "920~930℃ *(2.5分/毫米)水冷": 49,
            "920℃ 180℃ 回火 空冷": 50,
            "920℃ 300℃ 回火 空冷": 51,
            "920℃ 油冷": 52,
            "920℃ 空冷": 53,
            "930~950℃ (水冷)": 54,
            "930℃ 油冷": 55,
            "950℃ 15分 油冷": 56,
            "950℃ 油冷": 57,
            "970℃ 油冷": 58,
            "975℃(油冷)": 59,
            "975℃(空冷)": 60,
            "980℃ 油冷": 61,
            "985℃ 30' 油冷": 62,
            "第一次 880℃ 油冷 第二次 870℃": 63
        },
        "正火": {
            "0": 0,
            "1030~1050℃": 1,
            "1050℃ 40' 空冷": 2,
            "1150℃": 3,
            "840℃ 1h 空冷": 4,
            "850℃": 5,
            "850℃ 空冷": 6,
            "850℃-900℃": 7,
            "860℃": 8,
            "880℃": 9,
            "880℃ 1h 空冷": 10,
            "890℃ 2h 空冷": 11,
            "890℃ 空冷": 12,
            "900-910℃  3h  风冷": 13,
            "900℃": 14,
            "900℃ 4h 空冷": 15,
            "900℃ 空冷": 16
        },
        "退火": {
            "0": 0,
            "390~420℃ 30分 (空冷 或 水冷)": 1,
            "390~420℃*30分(空冷 或 水冷)": 2,
            "480-495℃ 12-14h": 3,
            "600~650℃": 4,
            "600~700℃  1~4 h  空冷": 5,
            "900-920℃ 250℃ 出炉": 6,
            "900℃ 4.5h 650℃ 出炉": 7,
            "920℃": 8,
            "920℃ 4.5h 650℃ 出炉": 9,
            "950℃": 10
        },
        "熔炼方式": { "0": 0 },
        "热加工方式": { "0": 0 },
        "热处理工艺": { "0": 0 }
    },
    "xn": "旋转弯曲疲劳极限",
    "max": {
        "C": 3.82,
        "Mn": 9.4,
        "Si": 3.0,
        "P": 0.068,
        "S": 0.068,
        "Cr": 21.24,
        "Mo": 6.0,
        "V": 1.92,
        "Ni": 63.464,
        "W": 4.0,
        "Ce": 0.02,
        "La": 0.0,
        "Ca": 0.0033,
        "Co": 19.88,
        "Nb": 0.8,
        "Ti": 3.2,
        "B": 0.03,
        "Cu": 88.86,
        "Sr": 0.0,
        "Se": 0.0,
        "Na": 0.0,
        "Hg": 0.0,
        "Cd": 0.0,
        "Ag": 0.0,
        "As": 0.0,
        "Bi": 0.003,
        "Zn": 36.277,
        "Sb": 0.01,
        "Sn": 0.7,
        "Pb": 0.2,
        "Fe": 37.71,
        "N": 0.4,
        "O": 0.0019,
        "H": 0.0,
        "Mg": 3.5,
        "热处理1": 38.0,
        "热处理2": 17.0,
        "热处理3": 4.0,
        "热处理4": 0.0,
        "渗氮": 1.0,
        "渗碳": 3.0,
        "回火": 76.0,
        "淬火": 63.0,
        "正火": 16.0,
        "退火": 10.0,
        "熔炼方式": 0.0,
        "热加工方式": 0.0,
        "热处理工艺": 0.0,
        "旋转弯曲疲劳极限": 871.0
    },
    "min": {
        "C": 0.0,
        "Mn": 0.0,
        "Si": 0.0,
        "P": 0.0,
        "S": 0.0,
        "Cr": 0.0,
        "Mo": 0.0,
        "V": 0.0,
        "Ni": 0.0,
        "W": 0.0,
        "Ce": 0.0,
        "La": 0.0,
        "Ca": 0.0,
        "Co": 0.0,
        "Nb": 0.0,
        "Ti": 0.0,
        "B": 0.0,
        "Cu": 0.0,
        "Sr": 0.0,
        "Se": 0.0,
        "Na": 0.0,
        "Hg": 0.0,
        "Cd": 0.0,
        "Ag": 0.0,
        "As": 0.0,
        "Bi": 0.0,
        "Zn": 0.0,
        "Sb": 0.0,
        "Sn": 0.0,
        "Pb": 0.0,
        "Fe": 0.0,
        "N": 0.0,
        "O": 0.0,
        "H": 0.0,
        "Mg": 0.0,
        "热处理1": 0.0,
        "热处理2": 0.0,
        "热处理3": 0.0,
        "热处理4": 0.0,
        "渗氮": 0.0,
        "渗碳": 0.0,
        "回火": 0.0,
        "淬火": 0.0,
        "正火": 0.0,
        "退火": 0.0,
        "熔炼方式": 0.0,
        "热加工方式": 0.0,
        "热处理工艺": 0.0,
        "旋转弯曲疲劳极限": 41.0
    },
    "median": {
        "C": 0.215,
        "Mn": 0.63,
        "Si": 0.3,
        "P": 0.018,
        "S": 0.012,
        "Cr": 1.07,
        "Mo": 0.0,
        "V": 0.0,
        "Ni": 0.0,
        "W": 0.0,
        "Ce": 0.0,
        "La": 0.0,
        "Ca": 0.0,
        "Co": 0.0,
        "Nb": 0.0,
        "Ti": 0.0,
        "B": 0.0,
        "Cu": 0.0,
        "Sr": 0.0,
        "Se": 0.0,
        "Na": 0.0,
        "Hg": 0.0,
        "Cd": 0.0,
        "Ag": 0.0,
        "As": 0.0,
        "Bi": 0.0,
        "Zn": 0.0,
        "Sb": 0.0,
        "Sn": 0.0,
        "Pb": 0.0,
        "Fe": 0.0,
        "N": 0.0,
        "O": 0.0,
        "H": 0.0,
        "Mg": 0.0,
        "热处理1": 1.0,
        "热处理2": 6.0,
        "热处理3": 1.0,
        "热处理4": 0.0,
        "渗氮": 0.0,
        "渗碳": 0.0,
        "回火": 14.0,
        "淬火": 5.0,
        "正火": 0.0,
        "退火": 0.0,
        "熔炼方式": 0.0,
        "热加工方式": 0.0,
        "热处理工艺": 0.0,
        "旋转弯曲疲劳极限": 352.0
    }
}
