{"gy_map": {"热处理1": {"0": 0, "1050℃ 固溶 + (-78℃)冷处理": 1, "1050℃ 空冷 + 975℃ 水冷   (-70℃) 2h": 2, "160℃ 时效 (14hr)": 3, "160℃ 时效 14hr": 4, "190℃ 空冷": 5, "890℃ 加热 230℃ 等温+230℃ 回火 空冷": 6, "900℃ 加热 + 200℃ 等温 + 220℃ 回火": 7, "900℃ 加热 180℃ 等温 + 200℃ 回火": 8, "消除应力 270-300℃ 1h": 9, "热轧": 10}, "热处理2": {"+ 450℃ 1h 空冷": 0, "+ 520℃ 时效": 1, "0": 2}, "热处理3": {"0": 0}, "热处理4": {"0": 0}, "渗氮": {"0": 0}, "渗碳": {"0": 0}, "回火": {"0": 0, "200℃ 60分 空冷": 1, "230℃  2h": 2, "300℃ 空冷 (两次)": 3, "400℃": 4, "500℃": 5, "500℃  60--75'  水冷": 6, "520℃  2h": 7, "525℃": 8, "540℃": 9, "580℃": 10, "600℃": 11, "600℃  60--75'  水冷": 12, "600℃ (两次)  水冷": 13, "625℃": 14, "700℃": 15}, "淬火": {"0": 0, "1000℃ (油冷)": 1, "500℃ (水冷)": 2, "500℃ 水冷": 3, "515℃ 水冷": 4, "850℃  (油冷)": 5, "850℃  45' 油冷": 6, "850℃ (油冷)": 7, "870℃ 40分 油冷": 8, "870℃ 油冷": 9, "890℃  (油冷)": 10, "890℃ 油冷": 11, "900℃ (油冷)": 12, "975℃(油冷)": 13, "975℃(空冷)": 14}, "正火": {"0": 0}, "退火": {"0": 0, "150~300℃  2~3 h  (空冷)": 1, "150~300℃*2~3h  (空冷)": 2, "390~420℃*30分(空冷 或 水冷)": 3, "600~650℃": 4, "600~700℃  1~4 h  空冷": 5, "600℃": 6}, "熔炼方式": {"0": 0}, "热加工方式": {"0": 0}, "热处理工艺": {"0": 0}}, "xn": "抗剪强度", "max": {"C": 0.44, "Mn": 4.85, "Si": 3.0, "P": 0.035, "S": 0.05, "Cr": 15.0, "Mo": 3.0, "V": 0.525, "Ni": 7.0, "W": 0.0, "Ce": 0.0, "La": 0.0, "Ca": 0.0, "Co": 0.0, "Nb": 0.0, "Ti": 0.15, "B": 0.0024, "Cu": 99.9, "Sr": 0.0, "Se": 0.0, "Na": 0.0, "Hg": 0.0, "Cd": 0.0, "Ag": 0.0, "As": 0.001, "Bi": 0.003, "Zn": 36.277, "Sb": 0.01, "Sn": 0.7, "Pb": 0.2, "Fe": 4.0, "N": 0.0, "O": 7e-06, "H": 0.0, "Mg": 3.5, "热处理1": 10.0, "热处理2": 2.0, "热处理3": 0.0, "热处理4": 0.0, "渗氮": 0.0, "渗碳": 0.0, "回火": 15.0, "淬火": 14.0, "正火": 0.0, "退火": 6.0, "熔炼方式": 0.0, "热加工方式": 0.0, "热处理工艺": 0.0, "抗剪强度": 1285.0}, "min": {"C": 0.0, "Mn": 0.0, "Si": 0.0, "P": 0.0, "S": 0.0, "Cr": 0.0, "Mo": 0.0, "V": 0.0, "Ni": 0.0, "W": 0.0, "Ce": 0.0, "La": 0.0, "Ca": 0.0, "Co": 0.0, "Nb": 0.0, "Ti": 0.0, "B": 0.0, "Cu": 0.0, "Sr": 0.0, "Se": 0.0, "Na": 0.0, "Hg": 0.0, "Cd": 0.0, "Ag": 0.0, "As": 0.0, "Bi": 0.0, "Zn": 0.0, "Sb": 0.0, "Sn": 0.0, "Pb": 0.0, "Fe": 0.0, "N": 0.0, "O": 0.0, "H": 0.0, "Mg": 0.0, "热处理1": 0.0, "热处理2": 0.0, "热处理3": 0.0, "热处理4": 0.0, "渗氮": 0.0, "渗碳": 0.0, "回火": 0.0, "淬火": 0.0, "正火": 0.0, "退火": 0.0, "熔炼方式": 0.0, "热加工方式": 0.0, "热处理工艺": 0.0, "抗剪强度": 123.0}, "median": {"C": 0.17, "Mn": 0.85, "Si": 0.35, "P": 0.012, "S": 0.015, "Cr": 0.0, "Mo": 0.0, "V": 0.0, "Ni": 0.0, "W": 0.0, "Ce": 0.0, "La": 0.0, "Ca": 0.0, "Co": 0.0, "Nb": 0.0, "Ti": 0.0, "B": 0.0, "Cu": 0.0, "Sr": 0.0, "Se": 0.0, "Na": 0.0, "Hg": 0.0, "Cd": 0.0, "Ag": 0.0, "As": 0.0, "Bi": 0.0, "Zn": 0.0, "Sb": 0.0, "Sn": 0.0, "Pb": 0.0, "Fe": 0.0, "N": 0.0, "O": 0.0, "H": 0.0, "Mg": 0.0, "热处理1": 0.0, "热处理2": 2.0, "热处理3": 0.0, "热处理4": 0.0, "渗氮": 0.0, "渗碳": 0.0, "回火": 0.0, "淬火": 0.0, "正火": 0.0, "退火": 0.0, "熔炼方式": 0.0, "热加工方式": 0.0, "热处理工艺": 0.0, "抗剪强度": 414.0}}